study_id,adsorbent_id,precursor_std,base_feedstock_std,additive_std,activation_type_std,production_route_std,modification_route_std,treatment_agent_std,preparation_details,modification_route_raw,treatment_agent_raw,activation_temp_c_mid,metal,element_std,oxidation_state_std,water_matrix,c0_mg_l_mid,adsorbent_dose_g_l_mid,contact_time_min_mid,bet_m2_g_mid,removal_reported_percent_mid,qe_reported_mg_g_mid,qmax_reported_mg_g_mid,kinetic_model_std,isotherm_model_std,regeneration_cycles,replicates_n,blanks_reported,calibration_reported,ph_controlled,uncertainty_type,uncertainty_value,preparation_route,activation_route,modification_route,treatment_agent,source_location
Alves_2021,CSB600,Coconut shell,Coconut shell,NR,Slow pyrolysis,Pyrolysis,Not reported,Not reported,Slow pyrolysis,None reported,None reported,600,Cd(II),Cd,II,Synthetic CdCl2 + 5 mmol/L NaCl,106,40,1440,NR,NR,NR,5.49,NR,Langmuir,NR,3,NR,Yes,7,NR,NR,Pyrolysis,None reported,None reported,None reported,"PIIS2405844021025792.pdf; PDF pp. 2-3, Section 2.1 and Table 1"
Alves_2021,CSB600-m1,Coconut shell,Coconut shell,NR,Slow pyrolysis + proprietary modification,Pyrolysis,Unspecified proprietary modification,Not reported (proprietary),Slow pyrolysis + proprietary modification,Unclear (proprietary modification),NR (proprietary),600,Cd(II),Cd,II,Synthetic CdCl2 + 5 mmol/L NaCl,106,40,1440,NR,NR,NR,2.02,NR,Langmuir,NR,3,NR,Yes,7,NR,NR,Pyrolysis,None reported,Unclear (proprietary modification),NR (proprietary),"PIIS2405844021025792.pdf; PDF pp. 2-3, Section 2.1 and Table 1"
Alves_2021,CSB600-m2,Coconut shell,Coconut shell,NR,Slow pyrolysis + proprietary modification,Pyrolysis,Unspecified proprietary modification,Not reported (proprietary),Slow pyrolysis + proprietary modification,Unclear (proprietary modification),NR (proprietary),600,Cd(II),Cd,II,Synthetic CdCl2 + 5 mmol/L NaCl,106,40,1440,NR,NR,NR,15.36,NR,Langmuir,NR,3,NR,Yes,7,NR,NR,Pyrolysis,None reported,Unclear (proprietary modification),NR (proprietary),"PIIS2405844021025792.pdf; PDF pp. 2-3, Section 2.1 and Table 1"
Alves_2021,CSB600-m3,Coconut shell,Coconut shell,NR,Slow pyrolysis + proprietary modification,Pyrolysis,Unspecified proprietary modification,Not reported (proprietary),Slow pyrolysis + proprietary modification,Unclear (proprietary modification),NR (proprietary),600,Cd(II),Cd,II,Synthetic CdCl2 + 5 mmol/L NaCl,106,40,1440,NR,NR,NR,7.84,NR,Langmuir,NR,3,NR,Yes,7,NR,NR,Pyrolysis,None reported,Unclear (proprietary modification),NR (proprietary),"PIIS2405844021025792.pdf; PDF pp. 2-3, Section 2.1 and Table 1"
Alves_2021,CSB600,Coconut shell,Coconut shell,NR,Slow pyrolysis,Pyrolysis,Not reported,Not reported,Slow pyrolysis,None reported,None reported,600,Cd(II),Cd,II,Synthetic CdCl2 + 5 mmol/L NaCl,NR,40,1440,NR,89.71,NR,NR,NR,NR,NR,3,NR,Yes,7,NR,NR,Pyrolysis,None reported,None reported,None reported,"PIIS2405844021025792.pdf; PDF pp. 2-3, Section 2.1 and Table 1"
Alves_2021,CSB600-m1,Coconut shell,Coconut shell,NR,Slow pyrolysis + proprietary modification,Pyrolysis,Unspecified proprietary modification,Not reported (proprietary),Slow pyrolysis + proprietary modification,Unclear (proprietary modification),NR (proprietary),600,Cd(II),Cd,II,Synthetic CdCl2 + 5 mmol/L NaCl,NR,40,1440,NR,39.44,NR,NR,NR,NR,NR,3,NR,Yes,7,NR,NR,Pyrolysis,None reported,Unclear (proprietary modification),NR (proprietary),"PIIS2405844021025792.pdf; PDF pp. 2-3, Section 2.1 and Table 1"
Alves_2021,CSB600-m2,Coconut shell,Coconut shell,NR,Slow pyrolysis + proprietary modification,Pyrolysis,Unspecified proprietary modification,Not reported (proprietary),Slow pyrolysis + proprietary modification,Unclear (proprietary modification),NR (proprietary),600,Cd(II),Cd,II,Synthetic CdCl2 + 5 mmol/L NaCl,NR,40,1440,NR,98.91,NR,NR,NR,NR,NR,3,NR,Yes,7,NR,NR,Pyrolysis,None reported,Unclear (proprietary modification),NR (proprietary),"PIIS2405844021025792.pdf; PDF pp. 2-3, Section 2.1 and Table 1"
Alves_2021,CSB600-m3,Coconut shell,Coconut shell,NR,Slow pyrolysis + proprietary modification,Pyrolysis,Unspecified proprietary modification,Not reported (proprietary),Slow pyrolysis + proprietary modification,Unclear (proprietary modification),NR (proprietary),600,Cd(II),Cd,II,Synthetic CdCl2 + 5 mmol/L NaCl,NR,40,1440,NR,90.67,NR,NR,NR,NR,NR,3,NR,Yes,7,NR,NR,Pyrolysis,None reported,Unclear (proprietary modification),NR (proprietary),"PIIS2405844021025792.pdf; PDF pp. 2-3, Section 2.1 and Table 1"
Amin_2024,FeMgAl/RHB,Rice husk,Rice husk,NR,Pyrolysis + LDH coprecipitation/hydrothermal synthesis,Pyrolysis,Metal/mineral loading,Fe(NO3)3·9H2O; Mg(NO3)2·6H2O; Al(NO3)3·9H2O; Na2CO3; NaOH,Pyrolysis + LDH coprecipitation/hydrothermal synthesis,Metal/mineral loading,Fe(NO3)3.9H2O; Mg(NO3)2.6H2O; Al(NO3)3.9H2O; Na2CO3; NaOH,500,Cd(II),Cd,II,Synthetic nitrate metal solutions in double-distilled water,20,NR,60,NR,NR,42.66,NR,Pseudo-second-order,NR,NR,NR,NR,NR,6,NR,NR,Pyrolysis,None reported,Metal/mineral loading,Fe(NO3)3.9H2O; Mg(NO3)2.6H2O; Al(NO3)3.9H2O; Na2CO3; NaOH,"Journal of Chemistry - 2024 - Amin - Enhanced Performance of the Composite of FeMgAl?Layered Double Hydroxide and Rice Husk.pdf; PDF pp. 2-3, Materials and Methods"
Amin_2024,FeMgAl/RHB,Rice husk,Rice husk,NR,Pyrolysis + LDH coprecipitation/hydrothermal synthesis,Pyrolysis,Metal/mineral loading,Fe(NO3)3·9H2O; Mg(NO3)2·6H2O; Al(NO3)3·9H2O; Na2CO3; NaOH,Pyrolysis + LDH coprecipitation/hydrothermal synthesis,Metal/mineral loading,Fe(NO3)3.9H2O; Mg(NO3)2.6H2O; Al(NO3)3.9H2O; Na2CO3; NaOH,500,Cd(II),Cd,II,Synthetic nitrate metal solutions in double-distilled water,20,NR,60,NR,NR,42,NR,Pseudo-second-order,NR,NR,NR,NR,NR,6,NR,NR,Pyrolysis,None reported,Metal/mineral loading,Fe(NO3)3.9H2O; Mg(NO3)2.6H2O; Al(NO3)3.9H2O; Na2CO3; NaOH,"Journal of Chemistry - 2024 - Amin - Enhanced Performance of the Composite of FeMgAl?Layered Double Hydroxide and Rice Husk.pdf; PDF pp. 2-3, Materials and Methods"
Amin_2024,FeMgAl/RHB,Rice husk,Rice husk,NR,Pyrolysis + LDH coprecipitation/hydrothermal synthesis,Pyrolysis,Metal/mineral loading,Fe(NO3)3·9H2O; Mg(NO3)2·6H2O; Al(NO3)3·9H2O; Na2CO3; NaOH,Pyrolysis + LDH coprecipitation/hydrothermal synthesis,Metal/mineral loading,Fe(NO3)3.9H2O; Mg(NO3)2.6H2O; Al(NO3)3.9H2O; Na2CO3; NaOH,500,Cd(II),Cd,II,Synthetic nitrate metal solutions in double-distilled water,20,NR,60,NR,NR,41.11,NR,Pseudo-first-order,NR,NR,NR,NR,NR,6,NR,NR,Pyrolysis,None reported,Metal/mineral loading,Fe(NO3)3.9H2O; Mg(NO3)2.6H2O; Al(NO3)3.9H2O; Na2CO3; NaOH,"Journal of Chemistry - 2024 - Amin - Enhanced Performance of the Composite of FeMgAl?Layered Double Hydroxide and Rice Husk.pdf; PDF pp. 2-3, Materials and Methods"
Amin_2024,FeMgAl/RHB,Rice husk,Rice husk,NR,Pyrolysis + LDH coprecipitation/hydrothermal synthesis,Pyrolysis,Metal/mineral loading,Fe(NO3)3·9H2O; Mg(NO3)2·6H2O; Al(NO3)3·9H2O; Na2CO3; NaOH,Pyrolysis + LDH coprecipitation/hydrothermal synthesis,Metal/mineral loading,Fe(NO3)3.9H2O; Mg(NO3)2.6H2O; Al(NO3)3.9H2O; Na2CO3; NaOH,500,Cd(II),Cd,II,Synthetic nitrate metal solutions in double-distilled water,30,NR,60,NR,NR,60.68,NR,Pseudo-second-order,NR,NR,NR,NR,NR,6,NR,NR,Pyrolysis,None reported,Metal/mineral loading,Fe(NO3)3.9H2O; Mg(NO3)2.6H2O; Al(NO3)3.9H2O; Na2CO3; NaOH,"Journal of Chemistry - 2024 - Amin - Enhanced Performance of the Composite of FeMgAl?Layered Double Hydroxide and Rice Husk.pdf; PDF pp. 2-3, Materials and Methods"
Amin_2024,FeMgAl/RHB,Rice husk,Rice husk,NR,Pyrolysis + LDH coprecipitation/hydrothermal synthesis,Pyrolysis,Metal/mineral loading,Fe(NO3)3·9H2O; Mg(NO3)2·6H2O; Al(NO3)3·9H2O; Na2CO3; NaOH,Pyrolysis + LDH coprecipitation/hydrothermal synthesis,Metal/mineral loading,Fe(NO3)3.9H2O; Mg(NO3)2.6H2O; Al(NO3)3.9H2O; Na2CO3; NaOH,500,Cd(II),Cd,II,Synthetic nitrate metal solutions in double-distilled water,30,NR,60,NR,NR,59.14,NR,Pseudo-second-order,NR,NR,NR,NR,NR,6,NR,NR,Pyrolysis,None reported,Metal/mineral loading,Fe(NO3)3.9H2O; Mg(NO3)2.6H2O; Al(NO3)3.9H2O; Na2CO3; NaOH,"Journal of Chemistry - 2024 - Amin - Enhanced Performance of the Composite of FeMgAl?Layered Double Hydroxide and Rice Husk.pdf; PDF pp. 2-3, Materials and Methods"
Amin_2024,FeMgAl/RHB,Rice husk,Rice husk,NR,Pyrolysis + LDH coprecipitation/hydrothermal synthesis,Pyrolysis,Metal/mineral loading,Fe(NO3)3·9H2O; Mg(NO3)2·6H2O; Al(NO3)3·9H2O; Na2CO3; NaOH,Pyrolysis + LDH coprecipitation/hydrothermal synthesis,Metal/mineral loading,Fe(NO3)3.9H2O; Mg(NO3)2.6H2O; Al(NO3)3.9H2O; Na2CO3; NaOH,500,Cd(II),Cd,II,Synthetic nitrate metal solutions in double-distilled water,30,NR,60,NR,NR,57.88,NR,Pseudo-first-order,NR,NR,NR,NR,NR,6,NR,NR,Pyrolysis,None reported,Metal/mineral loading,Fe(NO3)3.9H2O; Mg(NO3)2.6H2O; Al(NO3)3.9H2O; Na2CO3; NaOH,"Journal of Chemistry - 2024 - Amin - Enhanced Performance of the Composite of FeMgAl?Layered Double Hydroxide and Rice Husk.pdf; PDF pp. 2-3, Materials and Methods"
Amin_2024,FeMgAl/RHB,Rice husk,Rice husk,NR,Pyrolysis + LDH coprecipitation/hydrothermal synthesis,Pyrolysis,Metal/mineral loading,Fe(NO3)3·9H2O; Mg(NO3)2·6H2O; Al(NO3)3·9H2O; Na2CO3; NaOH,Pyrolysis + LDH coprecipitation/hydrothermal synthesis,Metal/mineral loading,Fe(NO3)3.9H2O; Mg(NO3)2.6H2O; Al(NO3)3.9H2O; Na2CO3; NaOH,500,Cd(II),Cd,II,Synthetic nitrate metal solutions in double-distilled water,40,NR,60,NR,NR,70,NR,Pseudo-second-order,NR,NR,NR,NR,NR,6,NR,NR,Pyrolysis,None reported,Metal/mineral loading,Fe(NO3)3.9H2O; Mg(NO3)2.6H2O; Al(NO3)3.9H2O; Na2CO3; NaOH,"Journal of Chemistry - 2024 - Amin - Enhanced Performance of the Composite of FeMgAl?Layered Double Hydroxide and Rice Husk.pdf; PDF pp. 2-3, Materials and Methods"
Amin_2024,FeMgAl/RHB,Rice husk,Rice husk,NR,Pyrolysis + LDH coprecipitation/hydrothermal synthesis,Pyrolysis,Metal/mineral loading,Fe(NO3)3·9H2O; Mg(NO3)2·6H2O; Al(NO3)3·9H2O; Na2CO3; NaOH,Pyrolysis + LDH coprecipitation/hydrothermal synthesis,Metal/mineral loading,Fe(NO3)3.9H2O; Mg(NO3)2.6H2O; Al(NO3)3.9H2O; Na2CO3; NaOH,500,Cd(II),Cd,II,Synthetic nitrate metal solutions in double-distilled water,40,NR,60,NR,NR,67.96,NR,Pseudo-second-order,NR,NR,NR,NR,NR,6,NR,NR,Pyrolysis,None reported,Metal/mineral loading,Fe(NO3)3.9H2O; Mg(NO3)2.6H2O; Al(NO3)3.9H2O; Na2CO3; NaOH,"Journal of Chemistry - 2024 - Amin - Enhanced Performance of the Composite of FeMgAl?Layered Double Hydroxide and Rice Husk.pdf; PDF pp. 2-3, Materials and Methods"
Amin_2024,FeMgAl/RHB,Rice husk,Rice husk,NR,Pyrolysis + LDH coprecipitation/hydrothermal synthesis,Pyrolysis,Metal/mineral loading,Fe(NO3)3·9H2O; Mg(NO3)2·6H2O; Al(NO3)3·9H2O; Na2CO3; NaOH,Pyrolysis + LDH coprecipitation/hydrothermal synthesis,Metal/mineral loading,Fe(NO3)3.9H2O; Mg(NO3)2.6H2O; Al(NO3)3.9H2O; Na2CO3; NaOH,500,Cd(II),Cd,II,Synthetic nitrate metal solutions in double-distilled water,40,NR,60,NR,NR,66.65,NR,Pseudo-first-order,NR,NR,NR,NR,NR,6,NR,NR,Pyrolysis,None reported,Metal/mineral loading,Fe(NO3)3.9H2O; Mg(NO3)2.6H2O; Al(NO3)3.9H2O; Na2CO3; NaOH,"Journal of Chemistry - 2024 - Amin - Enhanced Performance of the Composite of FeMgAl?Layered Double Hydroxide and Rice Husk.pdf; PDF pp. 2-3, Materials and Methods"
Amin_2024,FeMgAl/RHB,Rice husk,Rice husk,NR,Pyrolysis + LDH coprecipitation/hydrothermal synthesis,Pyrolysis,Metal/mineral loading,Fe(NO3)3·9H2O; Mg(NO3)2·6H2O; Al(NO3)3·9H2O; Na2CO3; NaOH,Pyrolysis + LDH coprecipitation/hydrothermal synthesis,Metal/mineral loading,Fe(NO3)3.9H2O; Mg(NO3)2.6H2O; Al(NO3)3.9H2O; Na2CO3; NaOH,500,Cd(II),Cd,II,Synthetic nitrate metal solutions in double-distilled water,50,NR,60,NR,NR,77.5,NR,Pseudo-second-order,NR,NR,NR,NR,NR,6,NR,NR,Pyrolysis,None reported,Metal/mineral loading,Fe(NO3)3.9H2O; Mg(NO3)2.6H2O; Al(NO3)3.9H2O; Na2CO3; NaOH,"Journal of Chemistry - 2024 - Amin - Enhanced Performance of the Composite of FeMgAl?Layered Double Hydroxide and Rice Husk.pdf; PDF pp. 2-3, Materials and Methods"
Amin_2024,FeMgAl/RHB,Rice husk,Rice husk,NR,Pyrolysis + LDH coprecipitation/hydrothermal synthesis,Pyrolysis,Metal/mineral loading,Fe(NO3)3·9H2O; Mg(NO3)2·6H2O; Al(NO3)3·9H2O; Na2CO3; NaOH,Pyrolysis + LDH coprecipitation/hydrothermal synthesis,Metal/mineral loading,Fe(NO3)3.9H2O; Mg(NO3)2.6H2O; Al(NO3)3.9H2O; Na2CO3; NaOH,500,Cd(II),Cd,II,Synthetic nitrate metal solutions in double-distilled water,50,NR,60,NR,NR,72.6,NR,Pseudo-second-order,NR,NR,NR,NR,NR,6,NR,NR,Pyrolysis,None reported,Metal/mineral loading,Fe(NO3)3.9H2O; Mg(NO3)2.6H2O; Al(NO3)3.9H2O; Na2CO3; NaOH,"Journal of Chemistry - 2024 - Amin - Enhanced Performance of the Composite of FeMgAl?Layered Double Hydroxide and Rice Husk.pdf; PDF pp. 2-3, Materials and Methods"
Amin_2024,FeMgAl/RHB,Rice husk,Rice husk,NR,Pyrolysis + LDH coprecipitation/hydrothermal synthesis,Pyrolysis,Metal/mineral loading,Fe(NO3)3·9H2O; Mg(NO3)2·6H2O; Al(NO3)3·9H2O; Na2CO3; NaOH,Pyrolysis + LDH coprecipitation/hydrothermal synthesis,Metal/mineral loading,Fe(NO3)3.9H2O; Mg(NO3)2.6H2O; Al(NO3)3.9H2O; Na2CO3; NaOH,500,Cd(II),Cd,II,Synthetic nitrate metal solutions in double-distilled water,50,NR,60,NR,NR,71.06,NR,Pseudo-first-order,NR,NR,NR,NR,NR,6,NR,NR,Pyrolysis,None reported,Metal/mineral loading,Fe(NO3)3.9H2O; Mg(NO3)2.6H2O; Al(NO3)3.9H2O; Na2CO3; NaOH,"Journal of Chemistry - 2024 - Amin - Enhanced Performance of the Composite of FeMgAl?Layered Double Hydroxide and Rice Husk.pdf; PDF pp. 2-3, Materials and Methods"
Amin_2024,FeMgAl/RHB,Rice husk,Rice husk,NR,Pyrolysis + LDH coprecipitation/hydrothermal synthesis,Pyrolysis,Metal/mineral loading,Fe(NO3)3·9H2O; Mg(NO3)2·6H2O; Al(NO3)3·9H2O; Na2CO3; NaOH,Pyrolysis + LDH coprecipitation/hydrothermal synthesis,Metal/mineral loading,Fe(NO3)3.9H2O; Mg(NO3)2.6H2O; Al(NO3)3.9H2O; Na2CO3; NaOH,500,Cd(II),Cd,II,Synthetic nitrate metal solutions in double-distilled water,60,NR,NR,NR,NR,77.51,NR,Pseudo-second-order,NR,NR,NR,NR,NR,6,NR,NR,Pyrolysis,None reported,Metal/mineral loading,Fe(NO3)3.9H2O; Mg(NO3)2.6H2O; Al(NO3)3.9H2O; Na2CO3; NaOH,"Journal of Chemistry - 2024 - Amin - Enhanced Performance of the Composite of FeMgAl?Layered Double Hydroxide and Rice Husk.pdf; PDF pp. 2-3, Materials and Methods"
Amin_2024,FeMgAl/RHB,Rice husk,Rice husk,NR,Pyrolysis + LDH coprecipitation/hydrothermal synthesis,Pyrolysis,Metal/mineral loading,Fe(NO3)3·9H2O; Mg(NO3)2·6H2O; Al(NO3)3·9H2O; Na2CO3; NaOH,Pyrolysis + LDH coprecipitation/hydrothermal synthesis,Metal/mineral loading,Fe(NO3)3.9H2O; Mg(NO3)2.6H2O; Al(NO3)3.9H2O; Na2CO3; NaOH,500,Cd(II),Cd,II,Synthetic nitrate metal solutions in double-distilled water,60,NR,NR,NR,NR,NR,68.97,Pseudo-second-order,Langmuir,NR,NR,NR,NR,6,NR,NR,Pyrolysis,None reported,Metal/mineral loading,Fe(NO3)3.9H2O; Mg(NO3)2.6H2O; Al(NO3)3.9H2O; Na2CO3; NaOH,"Journal of Chemistry - 2024 - Amin - Enhanced Performance of the Composite of FeMgAl?Layered Double Hydroxide and Rice Husk.pdf; PDF pp. 2-3, Materials and Methods"
Amin_2024,FeMgAl/RHB,Rice husk,Rice husk,NR,Pyrolysis + LDH coprecipitation/hydrothermal synthesis,Pyrolysis,Metal/mineral loading,Fe(NO3)3·9H2O; Mg(NO3)2·6H2O; Al(NO3)3·9H2O; Na2CO3; NaOH,Pyrolysis + LDH coprecipitation/hydrothermal synthesis,Metal/mineral loading,Fe(NO3)3.9H2O; Mg(NO3)2.6H2O; Al(NO3)3.9H2O; Na2CO3; NaOH,500,Cd(II),Cd,II,Synthetic nitrate metal solutions in double-distilled water,60,NR,NR,NR,NR,NR,75.66,Pseudo-second-order,Langmuir,NR,NR,NR,NR,6,NR,NR,Pyrolysis,None reported,Metal/mineral loading,Fe(NO3)3.9H2O; Mg(NO3)2.6H2O; Al(NO3)3.9H2O; Na2CO3; NaOH,"Journal of Chemistry - 2024 - Amin - Enhanced Performance of the Composite of FeMgAl?Layered Double Hydroxide and Rice Husk.pdf; PDF pp. 2-3, Materials and Methods"
Amin_2024,FeMgAl/RHB,Rice husk,Rice husk,NR,Pyrolysis + LDH coprecipitation/hydrothermal synthesis,Pyrolysis,Metal/mineral loading,Fe(NO3)3·9H2O; Mg(NO3)2·6H2O; Al(NO3)3·9H2O; Na2CO3; NaOH,Pyrolysis + LDH coprecipitation/hydrothermal synthesis,Metal/mineral loading,Fe(NO3)3.9H2O; Mg(NO3)2.6H2O; Al(NO3)3.9H2O; Na2CO3; NaOH,500,Cd(II),Cd,II,Synthetic nitrate metal solutions in double-distilled water,60,NR,NR,NR,NR,NR,64.07,Pseudo-second-order,Dubinin-Radushkevich,NR,NR,NR,NR,6,NR,NR,Pyrolysis,None reported,Metal/mineral loading,Fe(NO3)3.9H2O; Mg(NO3)2.6H2O; Al(NO3)3.9H2O; Na2CO3; NaOH,"Journal of Chemistry - 2024 - Amin - Enhanced Performance of the Composite of FeMgAl?Layered Double Hydroxide and Rice Husk.pdf; PDF pp. 2-3, Materials and Methods"
Amin_2024,FeMgAl/RHB,Rice husk,Rice husk,NR,Pyrolysis + LDH coprecipitation/hydrothermal synthesis,Pyrolysis,Metal/mineral loading,Fe(NO3)3·9H2O; Mg(NO3)2·6H2O; Al(NO3)3·9H2O; Na2CO3; NaOH,Pyrolysis + LDH coprecipitation/hydrothermal synthesis,Metal/mineral loading,Fe(NO3)3.9H2O; Mg(NO3)2.6H2O; Al(NO3)3.9H2O; Na2CO3; NaOH,500,Cd(II),Cd,II,Synthetic nitrate metal solutions in double-distilled water,60,NR,NR,NR,NR,NR,69.31,Pseudo-second-order,Dubinin-Radushkevich,NR,NR,NR,NR,6,NR,NR,Pyrolysis,None reported,Metal/mineral loading,Fe(NO3)3.9H2O; Mg(NO3)2.6H2O; Al(NO3)3.9H2O; Na2CO3; NaOH,"Journal of Chemistry - 2024 - Amin - Enhanced Performance of the Composite of FeMgAl?Layered Double Hydroxide and Rice Husk.pdf; PDF pp. 2-3, Materials and Methods"
Amin_2024,FeMgAl/RHB,Rice husk,Rice husk,NR,Pyrolysis + LDH coprecipitation/hydrothermal synthesis,Pyrolysis,Metal/mineral loading,Fe(NO3)3·9H2O; Mg(NO3)2·6H2O; Al(NO3)3·9H2O; Na2CO3; NaOH,Pyrolysis + LDH coprecipitation/hydrothermal synthesis,Metal/mineral loading,Fe(NO3)3.9H2O; Mg(NO3)2.6H2O; Al(NO3)3.9H2O; Na2CO3; NaOH,500,Cd(II),Cd,II,Synthetic nitrate metal solutions in double-distilled water,60,NR,NR,NR,NR,NR,75.57,Pseudo-second-order,Langmuir-Freundlich (Sips),NR,NR,NR,NR,6,NR,NR,Pyrolysis,None reported,Metal/mineral loading,Fe(NO3)3.9H2O; Mg(NO3)2.6H2O; Al(NO3)3.9H2O; Na2CO3; NaOH,"Journal of Chemistry - 2024 - Amin - Enhanced Performance of the Composite of FeMgAl?Layered Double Hydroxide and Rice Husk.pdf; PDF pp. 2-3, Materials and Methods"
Amin_2024,FeMgAl/RHB,Rice husk,Rice husk,NR,Pyrolysis + LDH coprecipitation/hydrothermal synthesis,Pyrolysis,Metal/mineral loading,Fe(NO3)3·9H2O; Mg(NO3)2·6H2O; Al(NO3)3·9H2O; Na2CO3; NaOH,Pyrolysis + LDH coprecipitation/hydrothermal synthesis,Metal/mineral loading,Fe(NO3)3.9H2O; Mg(NO3)2.6H2O; Al(NO3)3.9H2O; Na2CO3; NaOH,500,Pb(II),Pb,II,Synthetic nitrate metal solutions in double-distilled water,20,NR,15,NR,NR,49.25,NR,Pseudo-second-order,NR,NR,NR,NR,NR,6,NR,NR,Pyrolysis,None reported,Metal/mineral loading,Fe(NO3)3.9H2O; Mg(NO3)2.6H2O; Al(NO3)3.9H2O; Na2CO3; NaOH,"Journal of Chemistry - 2024 - Amin - Enhanced Performance of the Composite of FeMgAl?Layered Double Hydroxide and Rice Husk.pdf; PDF pp. 2-3, Materials and Methods"
Amin_2024,FeMgAl/RHB,Rice husk,Rice husk,NR,Pyrolysis + LDH coprecipitation/hydrothermal synthesis,Pyrolysis,Metal/mineral loading,Fe(NO3)3·9H2O; Mg(NO3)2·6H2O; Al(NO3)3·9H2O; Na2CO3; NaOH,Pyrolysis + LDH coprecipitation/hydrothermal synthesis,Metal/mineral loading,Fe(NO3)3.9H2O; Mg(NO3)2.6H2O; Al(NO3)3.9H2O; Na2CO3; NaOH,500,Pb(II),Pb,II,Synthetic nitrate metal solutions in double-distilled water,20,NR,15,NR,NR,49.8,NR,Pseudo-second-order,NR,NR,NR,NR,NR,6,NR,NR,Pyrolysis,None reported,Metal/mineral loading,Fe(NO3)3.9H2O; Mg(NO3)2.6H2O; Al(NO3)3.9H2O; Na2CO3; NaOH,"Journal of Chemistry - 2024 - Amin - Enhanced Performance of the Composite of FeMgAl?Layered Double Hydroxide and Rice Husk.pdf; PDF pp. 2-3, Materials and Methods"
Amin_2024,FeMgAl/RHB,Rice husk,Rice husk,NR,Pyrolysis + LDH coprecipitation/hydrothermal synthesis,Pyrolysis,Metal/mineral loading,Fe(NO3)3·9H2O; Mg(NO3)2·6H2O; Al(NO3)3·9H2O; Na2CO3; NaOH,Pyrolysis + LDH coprecipitation/hydrothermal synthesis,Metal/mineral loading,Fe(NO3)3.9H2O; Mg(NO3)2.6H2O; Al(NO3)3.9H2O; Na2CO3; NaOH,500,Pb(II),Pb,II,Synthetic nitrate metal solutions in double-distilled water,20,NR,15,NR,NR,49.4,NR,Pseudo-first-order,NR,NR,NR,NR,NR,6,NR,NR,Pyrolysis,None reported,Metal/mineral loading,Fe(NO3)3.9H2O; Mg(NO3)2.6H2O; Al(NO3)3.9H2O; Na2CO3; NaOH,"Journal of Chemistry - 2024 - Amin - Enhanced Performance of the Composite of FeMgAl?Layered Double Hydroxide and Rice Husk.pdf; PDF pp. 2-3, Materials and Methods"
Amin_2024,FeMgAl/RHB,Rice husk,Rice husk,NR,Pyrolysis + LDH coprecipitation/hydrothermal synthesis,Pyrolysis,Metal/mineral loading,Fe(NO3)3·9H2O; Mg(NO3)2·6H2O; Al(NO3)3·9H2O; Na2CO3; NaOH,Pyrolysis + LDH coprecipitation/hydrothermal synthesis,Metal/mineral loading,Fe(NO3)3.9H2O; Mg(NO3)2.6H2O; Al(NO3)3.9H2O; Na2CO3; NaOH,500,Pb(II),Pb,II,Synthetic nitrate metal solutions in double-distilled water,30,NR,15,NR,NR,68.75,NR,Pseudo-second-order,NR,NR,NR,NR,NR,6,NR,NR,Pyrolysis,None reported,Metal/mineral loading,Fe(NO3)3.9H2O; Mg(NO3)2.6H2O; Al(NO3)3.9H2O; Na2CO3; NaOH,"Journal of Chemistry - 2024 - Amin - Enhanced Performance of the Composite of FeMgAl?Layered Double Hydroxide and Rice Husk.pdf; PDF pp. 2-3, Materials and Methods"
Amin_2024,FeMgAl/RHB,Rice husk,Rice husk,NR,Pyrolysis + LDH coprecipitation/hydrothermal synthesis,Pyrolysis,Metal/mineral loading,Fe(NO3)3·9H2O; Mg(NO3)2·6H2O; Al(NO3)3·9H2O; Na2CO3; NaOH,Pyrolysis + LDH coprecipitation/hydrothermal synthesis,Metal/mineral loading,Fe(NO3)3.9H2O; Mg(NO3)2.6H2O; Al(NO3)3.9H2O; Na2CO3; NaOH,500,Pb(II),Pb,II,Synthetic nitrate metal solutions in double-distilled water,30,NR,15,NR,NR,69.3,NR,Pseudo-second-order,NR,NR,NR,NR,NR,6,NR,NR,Pyrolysis,None reported,Metal/mineral loading,Fe(NO3)3.9H2O; Mg(NO3)2.6H2O; Al(NO3)3.9H2O; Na2CO3; NaOH,"Journal of Chemistry - 2024 - Amin - Enhanced Performance of the Composite of FeMgAl?Layered Double Hydroxide and Rice Husk.pdf; PDF pp. 2-3, Materials and Methods"
Amin_2024,FeMgAl/RHB,Rice husk,Rice husk,NR,Pyrolysis + LDH coprecipitation/hydrothermal synthesis,Pyrolysis,Metal/mineral loading,Fe(NO3)3·9H2O; Mg(NO3)2·6H2O; Al(NO3)3·9H2O; Na2CO3; NaOH,Pyrolysis + LDH coprecipitation/hydrothermal synthesis,Metal/mineral loading,Fe(NO3)3.9H2O; Mg(NO3)2.6H2O; Al(NO3)3.9H2O; Na2CO3; NaOH,500,Pb(II),Pb,II,Synthetic nitrate metal solutions in double-distilled water,30,NR,15,NR,NR,68.62,NR,Pseudo-first-order,NR,NR,NR,NR,NR,6,NR,NR,Pyrolysis,None reported,Metal/mineral loading,Fe(NO3)3.9H2O; Mg(NO3)2.6H2O; Al(NO3)3.9H2O; Na2CO3; NaOH,"Journal of Chemistry - 2024 - Amin - Enhanced Performance of the Composite of FeMgAl?Layered Double Hydroxide and Rice Husk.pdf; PDF pp. 2-3, Materials and Methods"
Amin_2024,FeMgAl/RHB,Rice husk,Rice husk,NR,Pyrolysis + LDH coprecipitation/hydrothermal synthesis,Pyrolysis,Metal/mineral loading,Fe(NO3)3·9H2O; Mg(NO3)2·6H2O; Al(NO3)3·9H2O; Na2CO3; NaOH,Pyrolysis + LDH coprecipitation/hydrothermal synthesis,Metal/mineral loading,Fe(NO3)3.9H2O; Mg(NO3)2.6H2O; Al(NO3)3.9H2O; Na2CO3; NaOH,500,Pb(II),Pb,II,Synthetic nitrate metal solutions in double-distilled water,40,NR,15,NR,NR,85,NR,Pseudo-second-order,NR,NR,NR,NR,NR,6,NR,NR,Pyrolysis,None reported,Metal/mineral loading,Fe(NO3)3.9H2O; Mg(NO3)2.6H2O; Al(NO3)3.9H2O; Na2CO3; NaOH,"Journal of Chemistry - 2024 - Amin - Enhanced Performance of the Composite of FeMgAl?Layered Double Hydroxide and Rice Husk.pdf; PDF pp. 2-3, Materials and Methods"
Amin_2024,FeMgAl/RHB,Rice husk,Rice husk,NR,Pyrolysis + LDH coprecipitation/hydrothermal synthesis,Pyrolysis,Metal/mineral loading,Fe(NO3)3·9H2O; Mg(NO3)2·6H2O; Al(NO3)3·9H2O; Na2CO3; NaOH,Pyrolysis + LDH coprecipitation/hydrothermal synthesis,Metal/mineral loading,Fe(NO3)3.9H2O; Mg(NO3)2.6H2O; Al(NO3)3.9H2O; Na2CO3; NaOH,500,Pb(II),Pb,II,Synthetic nitrate metal solutions in double-distilled water,40,NR,15,NR,NR,86.87,NR,Pseudo-second-order,NR,NR,NR,NR,NR,6,NR,NR,Pyrolysis,None reported,Metal/mineral loading,Fe(NO3)3.9H2O; Mg(NO3)2.6H2O; Al(NO3)3.9H2O; Na2CO3; NaOH,"Journal of Chemistry - 2024 - Amin - Enhanced Performance of the Composite of FeMgAl?Layered Double Hydroxide and Rice Husk.pdf; PDF pp. 2-3, Materials and Methods"
Amin_2024,FeMgAl/RHB,Rice husk,Rice husk,NR,Pyrolysis + LDH coprecipitation/hydrothermal synthesis,Pyrolysis,Metal/mineral loading,Fe(NO3)3·9H2O; Mg(NO3)2·6H2O; Al(NO3)3·9H2O; Na2CO3; NaOH,Pyrolysis + LDH coprecipitation/hydrothermal synthesis,Metal/mineral loading,Fe(NO3)3.9H2O; Mg(NO3)2.6H2O; Al(NO3)3.9H2O; Na2CO3; NaOH,500,Pb(II),Pb,II,Synthetic nitrate metal solutions in double-distilled water,40,NR,15,NR,NR,85.26,NR,Pseudo-first-order,NR,NR,NR,NR,NR,6,NR,NR,Pyrolysis,None reported,Metal/mineral loading,Fe(NO3)3.9H2O; Mg(NO3)2.6H2O; Al(NO3)3.9H2O; Na2CO3; NaOH,"Journal of Chemistry - 2024 - Amin - Enhanced Performance of the Composite of FeMgAl?Layered Double Hydroxide and Rice Husk.pdf; PDF pp. 2-3, Materials and Methods"
Amin_2024,FeMgAl/RHB,Rice husk,Rice husk,NR,Pyrolysis + LDH coprecipitation/hydrothermal synthesis,Pyrolysis,Metal/mineral loading,Fe(NO3)3·9H2O; Mg(NO3)2·6H2O; Al(NO3)3·9H2O; Na2CO3; NaOH,Pyrolysis + LDH coprecipitation/hydrothermal synthesis,Metal/mineral loading,Fe(NO3)3.9H2O; Mg(NO3)2.6H2O; Al(NO3)3.9H2O; Na2CO3; NaOH,500,Pb(II),Pb,II,Synthetic nitrate metal solutions in double-distilled water,50,NR,15,NR,NR,102.75,NR,Pseudo-second-order,NR,NR,NR,NR,NR,6,NR,NR,Pyrolysis,None reported,Metal/mineral loading,Fe(NO3)3.9H2O; Mg(NO3)2.6H2O; Al(NO3)3.9H2O; Na2CO3; NaOH,"Journal of Chemistry - 2024 - Amin - Enhanced Performance of the Composite of FeMgAl?Layered Double Hydroxide and Rice Husk.pdf; PDF pp. 2-3, Materials and Methods"
Amin_2024,FeMgAl/RHB,Rice husk,Rice husk,NR,Pyrolysis + LDH coprecipitation/hydrothermal synthesis,Pyrolysis,Metal/mineral loading,Fe(NO3)3·9H2O; Mg(NO3)2·6H2O; Al(NO3)3·9H2O; Na2CO3; NaOH,Pyrolysis + LDH coprecipitation/hydrothermal synthesis,Metal/mineral loading,Fe(NO3)3.9H2O; Mg(NO3)2.6H2O; Al(NO3)3.9H2O; Na2CO3; NaOH,500,Pb(II),Pb,II,Synthetic nitrate metal solutions in double-distilled water,50,NR,15,NR,NR,104.81,NR,Pseudo-second-order,NR,NR,NR,NR,NR,6,NR,NR,Pyrolysis,None reported,Metal/mineral loading,Fe(NO3)3.9H2O; Mg(NO3)2.6H2O; Al(NO3)3.9H2O; Na2CO3; NaOH,"Journal of Chemistry - 2024 - Amin - Enhanced Performance of the Composite of FeMgAl?Layered Double Hydroxide and Rice Husk.pdf; PDF pp. 2-3, Materials and Methods"
Amin_2024,FeMgAl/RHB,Rice husk,Rice husk,NR,Pyrolysis + LDH coprecipitation/hydrothermal synthesis,Pyrolysis,Metal/mineral loading,Fe(NO3)3·9H2O; Mg(NO3)2·6H2O; Al(NO3)3·9H2O; Na2CO3; NaOH,Pyrolysis + LDH coprecipitation/hydrothermal synthesis,Metal/mineral loading,Fe(NO3)3.9H2O; Mg(NO3)2.6H2O; Al(NO3)3.9H2O; Na2CO3; NaOH,500,Pb(II),Pb,II,Synthetic nitrate metal solutions in double-distilled water,50,NR,15,NR,NR,102.43,NR,Pseudo-first-order,NR,NR,NR,NR,NR,6,NR,NR,Pyrolysis,None reported,Metal/mineral loading,Fe(NO3)3.9H2O; Mg(NO3)2.6H2O; Al(NO3)3.9H2O; Na2CO3; NaOH,"Journal of Chemistry - 2024 - Amin - Enhanced Performance of the Composite of FeMgAl?Layered Double Hydroxide and Rice Husk.pdf; PDF pp. 2-3, Materials and Methods"
Amin_2024,FeMgAl/RHB,Rice husk,Rice husk,NR,Pyrolysis + LDH coprecipitation/hydrothermal synthesis,Pyrolysis,Metal/mineral loading,Fe(NO3)3·9H2O; Mg(NO3)2·6H2O; Al(NO3)3·9H2O; Na2CO3; NaOH,Pyrolysis + LDH coprecipitation/hydrothermal synthesis,Metal/mineral loading,Fe(NO3)3.9H2O; Mg(NO3)2.6H2O; Al(NO3)3.9H2O; Na2CO3; NaOH,500,Pb(II),Pb,II,Synthetic nitrate metal solutions in double-distilled water,50,NR,NR,NR,NR,205.6,NR,Pseudo-second-order,NR,NR,NR,NR,NR,6,NR,NR,Pyrolysis,None reported,Metal/mineral loading,Fe(NO3)3.9H2O; Mg(NO3)2.6H2O; Al(NO3)3.9H2O; Na2CO3; NaOH,"Journal of Chemistry - 2024 - Amin - Enhanced Performance of the Composite of FeMgAl?Layered Double Hydroxide and Rice Husk.pdf; PDF pp. 2-3, Materials and Methods"
Amin_2024,FeMgAl/RHB,Rice husk,Rice husk,NR,Pyrolysis + LDH coprecipitation/hydrothermal synthesis,Pyrolysis,Metal/mineral loading,Fe(NO3)3·9H2O; Mg(NO3)2·6H2O; Al(NO3)3·9H2O; Na2CO3; NaOH,Pyrolysis + LDH coprecipitation/hydrothermal synthesis,Metal/mineral loading,Fe(NO3)3.9H2O; Mg(NO3)2.6H2O; Al(NO3)3.9H2O; Na2CO3; NaOH,500,Pb(II),Pb,II,Synthetic nitrate metal solutions in double-distilled water,50,NR,NR,NR,NR,NR,136.99,Pseudo-second-order,Langmuir,NR,NR,NR,NR,6,NR,NR,Pyrolysis,None reported,Metal/mineral loading,Fe(NO3)3.9H2O; Mg(NO3)2.6H2O; Al(NO3)3.9H2O; Na2CO3; NaOH,"Journal of Chemistry - 2024 - Amin - Enhanced Performance of the Composite of FeMgAl?Layered Double Hydroxide and Rice Husk.pdf; PDF pp. 2-3, Materials and Methods"
Amin_2024,FeMgAl/RHB,Rice husk,Rice husk,NR,Pyrolysis + LDH coprecipitation/hydrothermal synthesis,Pyrolysis,Metal/mineral loading,Fe(NO3)3·9H2O; Mg(NO3)2·6H2O; Al(NO3)3·9H2O; Na2CO3; NaOH,Pyrolysis + LDH coprecipitation/hydrothermal synthesis,Metal/mineral loading,Fe(NO3)3.9H2O; Mg(NO3)2.6H2O; Al(NO3)3.9H2O; Na2CO3; NaOH,500,Pb(II),Pb,II,Synthetic nitrate metal solutions in double-distilled water,50,NR,NR,NR,NR,NR,181.35,Pseudo-second-order,Langmuir,NR,NR,NR,NR,6,NR,NR,Pyrolysis,None reported,Metal/mineral loading,Fe(NO3)3.9H2O; Mg(NO3)2.6H2O; Al(NO3)3.9H2O; Na2CO3; NaOH,"Journal of Chemistry - 2024 - Amin - Enhanced Performance of the Composite of FeMgAl?Layered Double Hydroxide and Rice Husk.pdf; PDF pp. 2-3, Materials and Methods"
Amin_2024,FeMgAl/RHB,Rice husk,Rice husk,NR,Pyrolysis + LDH coprecipitation/hydrothermal synthesis,Pyrolysis,Metal/mineral loading,Fe(NO3)3·9H2O; Mg(NO3)2·6H2O; Al(NO3)3·9H2O; Na2CO3; NaOH,Pyrolysis + LDH coprecipitation/hydrothermal synthesis,Metal/mineral loading,Fe(NO3)3.9H2O; Mg(NO3)2.6H2O; Al(NO3)3.9H2O; Na2CO3; NaOH,500,Pb(II),Pb,II,Synthetic nitrate metal solutions in double-distilled water,50,NR,NR,NR,NR,NR,159.48,Pseudo-second-order,Dubinin-Radushkevich,NR,NR,NR,NR,6,NR,NR,Pyrolysis,None reported,Metal/mineral loading,Fe(NO3)3.9H2O; Mg(NO3)2.6H2O; Al(NO3)3.9H2O; Na2CO3; NaOH,"Journal of Chemistry - 2024 - Amin - Enhanced Performance of the Composite of FeMgAl?Layered Double Hydroxide and Rice Husk.pdf; PDF pp. 2-3, Materials and Methods"
Amin_2024,FeMgAl/RHB,Rice husk,Rice husk,NR,Pyrolysis + LDH coprecipitation/hydrothermal synthesis,Pyrolysis,Metal/mineral loading,Fe(NO3)3·9H2O; Mg(NO3)2·6H2O; Al(NO3)3·9H2O; Na2CO3; NaOH,Pyrolysis + LDH coprecipitation/hydrothermal synthesis,Metal/mineral loading,Fe(NO3)3.9H2O; Mg(NO3)2.6H2O; Al(NO3)3.9H2O; Na2CO3; NaOH,500,Pb(II),Pb,II,Synthetic nitrate metal solutions in double-distilled water,50,NR,NR,NR,NR,NR,176.09,Pseudo-second-order,Dubinin-Radushkevich,NR,NR,NR,NR,6,NR,NR,Pyrolysis,None reported,Metal/mineral loading,Fe(NO3)3.9H2O; Mg(NO3)2.6H2O; Al(NO3)3.9H2O; Na2CO3; NaOH,"Journal of Chemistry - 2024 - Amin - Enhanced Performance of the Composite of FeMgAl?Layered Double Hydroxide and Rice Husk.pdf; PDF pp. 2-3, Materials and Methods"
Amin_2024,FeMgAl/RHB,Rice husk,Rice husk,NR,Pyrolysis + LDH coprecipitation/hydrothermal synthesis,Pyrolysis,Metal/mineral loading,Fe(NO3)3·9H2O; Mg(NO3)2·6H2O; Al(NO3)3·9H2O; Na2CO3; NaOH,Pyrolysis + LDH coprecipitation/hydrothermal synthesis,Metal/mineral loading,Fe(NO3)3.9H2O; Mg(NO3)2.6H2O; Al(NO3)3.9H2O; Na2CO3; NaOH,500,Pb(II),Pb,II,Synthetic nitrate metal solutions in double-distilled water,50,NR,NR,NR,NR,NR,201.27,Pseudo-second-order,Langmuir-Freundlich (Sips),NR,NR,NR,NR,6,NR,NR,Pyrolysis,None reported,Metal/mineral loading,Fe(NO3)3.9H2O; Mg(NO3)2.6H2O; Al(NO3)3.9H2O; Na2CO3; NaOH,"Journal of Chemistry - 2024 - Amin - Enhanced Performance of the Composite of FeMgAl?Layered Double Hydroxide and Rice Husk.pdf; PDF pp. 2-3, Materials and Methods"
Andal_2010,CSC,Coconut shell,Coconut shell,NR,Concentrated H2SO4 carbonization,Acid carbonisation,Not reported,Concentrated H2SO4; NaHCO3 (neutralisation),Concentrated H2SO4 carbonization,None reported,Concentrated H2SO4; NaHCO3 (neutralization),150,Pb(II),Pb,II,Synthetic metal solution in double-distilled water,10,0.8,120,NR,99.08,NR,NR,Pseudo-second-order,NR,NR,NR,NR,NR,NR,NR,NR,Acid carbonization,Chemical activation,None reported,Concentrated H2SO4; NaHCO3 (neutralization),"Journal of Chemistry - 2009 - Andal - A Comparative Study on the Sorption Characteristics of Pb II  and Hg II  onto.pdf; PDF p. 2, Experimental"
Andal_2010,CSC,Coconut shell,Coconut shell,NR,Concentrated H2SO4 carbonization,Acid carbonisation,Not reported,Concentrated H2SO4; NaHCO3 (neutralisation),Concentrated H2SO4 carbonization,None reported,Concentrated H2SO4; NaHCO3 (neutralization),150,Pb(II),Pb,II,Synthetic metal solution in double-distilled water,50,0.8,120,NR,62.76,NR,NR,Pseudo-second-order,NR,NR,NR,NR,NR,NR,NR,NR,Acid carbonization,Chemical activation,None reported,Concentrated H2SO4; NaHCO3 (neutralization),"Journal of Chemistry - 2009 - Andal - A Comparative Study on the Sorption Characteristics of Pb II  and Hg II  onto.pdf; PDF p. 2, Experimental"
Andal_2010,CSC,Coconut shell,Coconut shell,NR,Concentrated H2SO4 carbonization,Acid carbonisation,Not reported,Concentrated H2SO4; NaHCO3 (neutralisation),Concentrated H2SO4 carbonization,None reported,Concentrated H2SO4; NaHCO3 (neutralization),150,Pb(II),Pb,II,Synthetic metal solution in double-distilled water,10,0.8,120,NR,NR,12.383,NR,Pseudo-second-order,NR,NR,NR,NR,NR,NR,NR,NR,Acid carbonization,Chemical activation,None reported,Concentrated H2SO4; NaHCO3 (neutralization),"Journal of Chemistry - 2009 - Andal - A Comparative Study on the Sorption Characteristics of Pb II  and Hg II  onto.pdf; PDF p. 2, Experimental"
Andal_2010,CSC,Coconut shell,Coconut shell,NR,Concentrated H2SO4 carbonization,Acid carbonisation,Not reported,Concentrated H2SO4; NaHCO3 (neutralisation),Concentrated H2SO4 carbonization,None reported,Concentrated H2SO4; NaHCO3 (neutralization),150,Pb(II),Pb,II,Synthetic metal solution in double-distilled water,30,0.8,120,NR,NR,NR,40.49,Pseudo-second-order,Langmuir,NR,NR,NR,NR,NR,NR,NR,Acid carbonization,Chemical activation,None reported,Concentrated H2SO4; NaHCO3 (neutralization),"Journal of Chemistry - 2009 - Andal - A Comparative Study on the Sorption Characteristics of Pb II  and Hg II  onto.pdf; PDF p. 2, Experimental"
Andal_2010,CSC,Coconut shell,Coconut shell,NR,Concentrated H2SO4 carbonization,Acid carbonisation,Not reported,Concentrated H2SO4; NaHCO3 (neutralisation),Concentrated H2SO4 carbonization,None reported,Concentrated H2SO4; NaHCO3 (neutralization),150,Pb(II),Pb,II,Synthetic metal solution in double-distilled water,30,0.8,120,NR,NR,NR,42.27,Pseudo-second-order,Dubinin-Radushkevich,NR,NR,NR,NR,NR,NR,NR,Acid carbonization,Chemical activation,None reported,Concentrated H2SO4; NaHCO3 (neutralization),"Journal of Chemistry - 2009 - Andal - A Comparative Study on the Sorption Characteristics of Pb II  and Hg II  onto.pdf; PDF p. 2, Experimental"
Andal_2010,CSC,Coconut shell,Coconut shell,NR,Concentrated H2SO4 carbonization,Acid carbonisation,Not reported,Concentrated H2SO4; NaHCO3 (neutralisation),Concentrated H2SO4 carbonization,None reported,Concentrated H2SO4; NaHCO3 (neutralization),150,Pb(II),Pb,II,Synthetic metal solution in double-distilled water,10,NR,NR,NR,NR,62.41,NR,Pseudo-second-order,NR,NR,NR,NR,NR,NR,NR,NR,Acid carbonization,Chemical activation,None reported,Concentrated H2SO4; NaHCO3 (neutralization),"Journal of Chemistry - 2009 - Andal - A Comparative Study on the Sorption Characteristics of Pb II  and Hg II  onto.pdf; PDF p. 2, Experimental"
Baharudin_2022,BC-NiCl2-500-10min,Sugarcane bagasse,Sugarcane bagasse,NR,NiCl2 impregnation + slow pyrolysis in oxygen-free conditions,Pyrolysis,Metal/mineral loading,NiCl2,NiCl2 impregnation + slow pyrolysis in oxygen-free conditions,Metal/mineral loading,NiCl2,500,Cd(II),Cd,II,Synthetic Cd solution (salt identity NR),20,30,60,NR,87.69,NR,NR,NR,NR,NR,NR,NR,NR,NR,NR,NR,Pyrolysis,None reported,Metal/mineral loading,NiCl2,"MAGNETICALLY_MODIFIED_SUGARCANE_BAGASSE_BIOCHAR_AS.pdf; PDF p. 4, Section 2.2"
Baharudin_2022,BC-NiO-500-10min,Sugarcane bagasse,Sugarcane bagasse,NR,NiO impregnation + slow pyrolysis in oxygen-free conditions,Pyrolysis,Metal/mineral loading,NiO,NiO impregnation + slow pyrolysis in oxygen-free conditions,Metal/mineral loading,NiO,500,Cd(II),Cd,II,Synthetic Cd solution (salt identity NR),20,30,60,10.6364,88.57,NR,NR,NR,NR,NR,NR,NR,NR,NR,NR,NR,Pyrolysis,None reported,Metal/mineral loading,NiO,"MAGNETICALLY_MODIFIED_SUGARCANE_BAGASSE_BIOCHAR_AS.pdf; PDF p. 4, Section 2.2"
Baharudin_2022,BC-NiO-500-10min,Sugarcane bagasse,Sugarcane bagasse,NR,NiO impregnation + slow pyrolysis in oxygen-free conditions,Pyrolysis,Metal/mineral loading,NiO,NiO impregnation + slow pyrolysis in oxygen-free conditions,Metal/mineral loading,NiO,500,Cd(II),Cd,II,Synthetic Cd solution (salt identity NR),40,3,NR,10.6364,NR,12.4177,NR,Pseudo-second-order,NR,NR,NR,NR,NR,NR,NR,NR,Pyrolysis,None reported,Metal/mineral loading,NiO,"MAGNETICALLY_MODIFIED_SUGARCANE_BAGASSE_BIOCHAR_AS.pdf; PDF p. 4, Section 2.2"
Baharudin_2022,BC-NiO-500-10min,Sugarcane bagasse,Sugarcane bagasse,NR,NiO impregnation + slow pyrolysis in oxygen-free conditions,Pyrolysis,Metal/mineral loading,NiO,NiO impregnation + slow pyrolysis in oxygen-free conditions,Metal/mineral loading,NiO,500,Cd(II),Cd,II,Synthetic Cd solution (salt identity NR),60,3,NR,10.6364,NR,18.275,NR,Pseudo-second-order,NR,NR,NR,NR,NR,NR,NR,NR,Pyrolysis,None reported,Metal/mineral loading,NiO,"MAGNETICALLY_MODIFIED_SUGARCANE_BAGASSE_BIOCHAR_AS.pdf; PDF p. 4, Section 2.2"
Baharudin_2022,BC-NiO-500-10min,Sugarcane bagasse,Sugarcane bagasse,NR,NiO impregnation + slow pyrolysis in oxygen-free conditions,Pyrolysis,Metal/mineral loading,NiO,NiO impregnation + slow pyrolysis in oxygen-free conditions,Metal/mineral loading,NiO,500,Cd(II),Cd,II,Synthetic Cd solution (salt identity NR),80,3,NR,10.6364,NR,22.655,NR,Pseudo-second-order,NR,NR,NR,NR,NR,NR,NR,NR,Pyrolysis,None reported,Metal/mineral loading,NiO,"MAGNETICALLY_MODIFIED_SUGARCANE_BAGASSE_BIOCHAR_AS.pdf; PDF p. 4, Section 2.2"
Baharudin_2022,BC-NiO-500-10min,Sugarcane bagasse,Sugarcane bagasse,NR,NiO impregnation + slow pyrolysis in oxygen-free conditions,Pyrolysis,Metal/mineral loading,NiO,NiO impregnation + slow pyrolysis in oxygen-free conditions,Metal/mineral loading,NiO,500,Cd(II),Cd,II,Synthetic Cd solution (salt identity NR),100,3,NR,10.6364,NR,28.3737,NR,Pseudo-second-order,NR,NR,NR,NR,NR,NR,NR,NR,Pyrolysis,None reported,Metal/mineral loading,NiO,"MAGNETICALLY_MODIFIED_SUGARCANE_BAGASSE_BIOCHAR_AS.pdf; PDF p. 4, Section 2.2"
Baharudin_2022,BC-NiO-500-10min,Sugarcane bagasse,Sugarcane bagasse,NR,NiO impregnation + slow pyrolysis in oxygen-free conditions,Pyrolysis,Metal/mineral loading,NiO,NiO impregnation + slow pyrolysis in oxygen-free conditions,Metal/mineral loading,NiO,500,Cd(II),Cd,II,Synthetic Cd solution (salt identity NR),60,3,NR,10.6364,NR,NR,36.63,Pseudo-second-order,Langmuir,NR,NR,NR,NR,NR,NR,NR,Pyrolysis,None reported,Metal/mineral loading,NiO,"MAGNETICALLY_MODIFIED_SUGARCANE_BAGASSE_BIOCHAR_AS.pdf; PDF p. 4, Section 2.2"
Baharudin_2022,BC-NiSO4-400-10min,Sugarcane bagasse,Sugarcane bagasse,NR,NiSO4 impregnation + slow pyrolysis in oxygen-free conditions,Pyrolysis,Metal/mineral loading,NiSO4,NiSO4 impregnation + slow pyrolysis in oxygen-free conditions,Metal/mineral loading,NiSO4,400,Cd(II),Cd,II,Synthetic Cd solution (salt identity NR),20,30,60,NR,88.55,NR,NR,NR,NR,NR,NR,NR,NR,NR,NR,NR,Pyrolysis,None reported,Metal/mineral loading,NiSO4,"MAGNETICALLY_MODIFIED_SUGARCANE_BAGASSE_BIOCHAR_AS.pdf; PDF p. 4, Section 2.2"
Baharudin_2022,BC-NiO-500-10min,Sugarcane bagasse,Sugarcane bagasse,NR,NiO impregnation + slow pyrolysis in oxygen-free conditions,Pyrolysis,Metal/mineral loading,NiO,NiO impregnation + slow pyrolysis in oxygen-free conditions,Metal/mineral loading,NiO,500,Cd(II),Cd,II,Synthetic Cd solution (salt identity NR),20,3,NR,10.6364,NR,60.2683,NR,Pseudo-second-order,NR,NR,NR,NR,NR,NR,NR,NR,Pyrolysis,None reported,Metal/mineral loading,NiO,"MAGNETICALLY_MODIFIED_SUGARCANE_BAGASSE_BIOCHAR_AS.pdf; PDF p. 4, Section 2.2"
Baharudin_2022,BC-NiO-500-10min,Sugarcane bagasse,Sugarcane bagasse,NR,NiO impregnation + slow pyrolysis in oxygen-free conditions,Pyrolysis,Metal/mineral loading,NiO,NiO impregnation + slow pyrolysis in oxygen-free conditions,Metal/mineral loading,NiO,500,Cd(II),Cd,II,Synthetic Cd solution (salt identity NR),20,3,NR,10.6364,NR,6.6313,NR,Pseudo-second-order,NR,NR,NR,NR,NR,NR,NR,NR,Pyrolysis,None reported,Metal/mineral loading,NiO,"MAGNETICALLY_MODIFIED_SUGARCANE_BAGASSE_BIOCHAR_AS.pdf; PDF p. 4, Section 2.2"
Baharudin_2022,BC-NiO-500-10min,Sugarcane bagasse,Sugarcane bagasse,NR,NiO impregnation + slow pyrolysis in oxygen-free conditions,Pyrolysis,Metal/mineral loading,NiO,NiO impregnation + slow pyrolysis in oxygen-free conditions,Metal/mineral loading,NiO,500,Cd(II),Cd,II,Synthetic Cd solution (salt identity NR),40,3,NR,10.6364,NR,12.7551,NR,Pseudo-second-order,NR,NR,NR,NR,NR,NR,NR,NR,Pyrolysis,None reported,Metal/mineral loading,NiO,"MAGNETICALLY_MODIFIED_SUGARCANE_BAGASSE_BIOCHAR_AS.pdf; PDF p. 4, Section 2.2"
Baharudin_2022,BC-NiO-500-10min,Sugarcane bagasse,Sugarcane bagasse,NR,NiO impregnation + slow pyrolysis in oxygen-free conditions,Pyrolysis,Metal/mineral loading,NiO,NiO impregnation + slow pyrolysis in oxygen-free conditions,Metal/mineral loading,NiO,500,Cd(II),Cd,II,Synthetic Cd solution (salt identity NR),60,3,NR,10.6364,NR,18.622,NR,Pseudo-second-order,NR,NR,NR,NR,NR,NR,NR,NR,Pyrolysis,None reported,Metal/mineral loading,NiO,"MAGNETICALLY_MODIFIED_SUGARCANE_BAGASSE_BIOCHAR_AS.pdf; PDF p. 4, Section 2.2"
Baharudin_2022,BC-NiO-500-10min,Sugarcane bagasse,Sugarcane bagasse,NR,NiO impregnation + slow pyrolysis in oxygen-free conditions,Pyrolysis,Metal/mineral loading,NiO,NiO impregnation + slow pyrolysis in oxygen-free conditions,Metal/mineral loading,NiO,500,Cd(II),Cd,II,Synthetic Cd solution (salt identity NR),80,3,NR,10.6364,NR,22.9358,NR,Pseudo-second-order,NR,NR,NR,NR,NR,NR,NR,NR,Pyrolysis,None reported,Metal/mineral loading,NiO,"MAGNETICALLY_MODIFIED_SUGARCANE_BAGASSE_BIOCHAR_AS.pdf; PDF p. 4, Section 2.2"
Baharudin_2022,BC-NiO-500-10min,Sugarcane bagasse,Sugarcane bagasse,NR,NiO impregnation + slow pyrolysis in oxygen-free conditions,Pyrolysis,Metal/mineral loading,NiO,NiO impregnation + slow pyrolysis in oxygen-free conditions,Metal/mineral loading,NiO,500,Cd(II),Cd,II,Synthetic Cd solution (salt identity NR),100,3,NR,10.6364,NR,28.9855,NR,Pseudo-second-order,NR,NR,NR,NR,NR,NR,NR,NR,Pyrolysis,None reported,Metal/mineral loading,NiO,"MAGNETICALLY_MODIFIED_SUGARCANE_BAGASSE_BIOCHAR_AS.pdf; PDF p. 4, Section 2.2"
Chen_2019,C0.25,Rice husk,Rice husk,NR,NaOH treatment + glutaraldehyde/cystamine modification,Not reported,Alkali treatment; organic functionalisation,NaOH; glutaraldehyde; cystamine dihydrochloride,NaOH treatment + glutaraldehyde/cystamine modification,Alkali treatment; organic functionalization,NaOH; glutaraldehyde; cystamine dihydrochloride,425,Cd(II),Cd,II,Synthetic Cd(NO3)2 in10mM NaNO3,55,1,480,41.412,NR,NR,35.82,NR,Langmuir,NR,2,NR,NR,7,Reported ±; fit uncertainty type NR,0.95,Pyrolysis,None reported,Alkali treatment; organic functionalization,NaOH; glutaraldehyde; cystamine dihydrochloride,"ijms-20-01775.pdf; PDF p. 11, Sections 3.1-3.2"
Chen_2019,C0.50,Rice husk,Rice husk,NR,NaOH treatment + glutaraldehyde/cystamine modification,Not reported,Alkali treatment; organic functionalisation,NaOH; glutaraldehyde; cystamine dihydrochloride,NaOH treatment + glutaraldehyde/cystamine modification,Alkali treatment; organic functionalization,NaOH; glutaraldehyde; cystamine dihydrochloride,425,Cd(II),Cd,II,Synthetic Cd(NO3)2 in10mM NaNO3,55,1,480,23.743,NR,NR,67.843,NR,Langmuir,NR,2,NR,NR,7,Reported ±; fit uncertainty type NR,3.82,Pyrolysis,None reported,Alkali treatment; organic functionalization,NaOH; glutaraldehyde; cystamine dihydrochloride,"ijms-20-01775.pdf; PDF p. 11, Sections 3.1-3.2"
Chen_2019,C0.75,Rice husk,Rice husk,NR,NaOH treatment + glutaraldehyde/cystamine modification,Not reported,Alkali treatment; organic functionalisation,NaOH; glutaraldehyde; cystamine dihydrochloride,NaOH treatment + glutaraldehyde/cystamine modification,Alkali treatment; organic functionalization,NaOH; glutaraldehyde; cystamine dihydrochloride,425,Cd(II),Cd,II,Synthetic Cd(NO3)2 in10mM NaNO3,55,1,480,19.065,NR,NR,81.02,NR,Langmuir,NR,2,NR,NR,7,Reported ±; fit uncertainty type NR,5.35,Pyrolysis,None reported,Alkali treatment; organic functionalization,NaOH; glutaraldehyde; cystamine dihydrochloride,"ijms-20-01775.pdf; PDF p. 11, Sections 3.1-3.2"
Chen_2019,C0.75,Rice husk,Rice husk,NR,NaOH treatment + glutaraldehyde/cystamine modification,Not reported,Alkali treatment; organic functionalisation,NaOH; glutaraldehyde; cystamine dihydrochloride,NaOH treatment + glutaraldehyde/cystamine modification,Alkali treatment; organic functionalization,NaOH; glutaraldehyde; cystamine dihydrochloride,425,Cd(II),Cd,II,Synthetic Cd(NO3)2 in10mM NaNO3,100,1,480,19.065,NR,47.87,NR,NR,NR,NR,2,NR,NR,7,NR,NR,Pyrolysis,None reported,Alkali treatment; organic functionalization,NaOH; glutaraldehyde; cystamine dihydrochloride,"ijms-20-01775.pdf; PDF p. 11, Sections 3.1-3.2"
Chen_2019,C1.00,Rice husk,Rice husk,NR,NaOH treatment + glutaraldehyde/cystamine modification,Not reported,Alkali treatment; organic functionalisation,NaOH; glutaraldehyde; cystamine dihydrochloride,NaOH treatment + glutaraldehyde/cystamine modification,Alkali treatment; organic functionalization,NaOH; glutaraldehyde; cystamine dihydrochloride,425,Cd(II),Cd,II,Synthetic Cd(NO3)2 in10mM NaNO3,55,1,480,18.181,NR,NR,36.18,NR,Langmuir,NR,2,NR,NR,7,Reported ±; fit uncertainty type NR,2.01,Pyrolysis,None reported,Alkali treatment; organic functionalization,NaOH; glutaraldehyde; cystamine dihydrochloride,"ijms-20-01775.pdf; PDF p. 11, Sections 3.1-3.2"
Chen_2019,C1.25,Rice husk,Rice husk,NR,NaOH treatment + glutaraldehyde/cystamine modification,Not reported,Alkali treatment; organic functionalisation,NaOH; glutaraldehyde; cystamine dihydrochloride,NaOH treatment + glutaraldehyde/cystamine modification,Alkali treatment; organic functionalization,NaOH; glutaraldehyde; cystamine dihydrochloride,425,Cd(II),Cd,II,Synthetic Cd(NO3)2 in10mM NaNO3,55,1,480,16.271,NR,NR,3.765,NR,Langmuir,NR,2,NR,NR,7,Reported ±; fit uncertainty type NR,0.045,Pyrolysis,None reported,Alkali treatment; organic functionalization,NaOH; glutaraldehyde; cystamine dihydrochloride,"ijms-20-01775.pdf; PDF p. 11, Sections 3.1-3.2"
Chen_2019,CK,Rice husk,Rice husk,NR,Pyrolysis (unmodified biochar),Pyrolysis,None,None,Pyrolysis (unmodified biochar),None reported,None reported,425,Cd(II),Cd,II,Synthetic Cd(NO3)2 in10mM NaNO3,55,1,480,46.196,NR,NR,8.347,NR,Langmuir,NR,2,NR,NR,7,Reported ±; fit uncertainty type NR,0.179,Pyrolysis,None reported,None reported,None reported,"ijms-20-01775.pdf; PDF p. 11, Sections 3.1-3.2"
Chen_2019,CK,Rice husk,Rice husk,NR,Pyrolysis (unmodified biochar),Pyrolysis,None,None,Pyrolysis (unmodified biochar),None reported,None reported,425,Cd(II),Cd,II,Synthetic Cd(NO3)2 in10mM NaNO3,100,1,480,46.196,NR,7.07,NR,NR,NR,NR,2,NR,NR,7,NR,NR,Pyrolysis,None reported,None reported,None reported,"ijms-20-01775.pdf; PDF p. 11, Sections 3.1-3.2"
Chen_2019,C0.25,Rice husk,Rice husk,NR,NaOH treatment + glutaraldehyde/cystamine modification,Not reported,Alkali treatment; organic functionalisation,NaOH; glutaraldehyde; cystamine dihydrochloride,NaOH treatment + glutaraldehyde/cystamine modification,Alkali treatment; organic functionalization,NaOH; glutaraldehyde; cystamine dihydrochloride,425,Cd(II),Cd,II,Synthetic Cd(NO3)2 in10mM NaNO3,100,1,NR,41.412,NR,35.08,NR,Pseudo-first-order,NR,NR,NR,NR,NR,7,Reported ±; fit uncertainty type NR,0.59,Pyrolysis,None reported,Alkali treatment; organic functionalization,NaOH; glutaraldehyde; cystamine dihydrochloride,"ijms-20-01775.pdf; PDF p. 11, Sections 3.1-3.2"
Chen_2019,C0.25,Rice husk,Rice husk,NR,NaOH treatment + glutaraldehyde/cystamine modification,Not reported,Alkali treatment; organic functionalisation,NaOH; glutaraldehyde; cystamine dihydrochloride,NaOH treatment + glutaraldehyde/cystamine modification,Alkali treatment; organic functionalization,NaOH; glutaraldehyde; cystamine dihydrochloride,425,Cd(II),Cd,II,Synthetic Cd(NO3)2 in10mM NaNO3,100,1,NR,41.412,NR,39.03,NR,Pseudo-second-order,NR,NR,NR,NR,NR,7,Reported ±; fit uncertainty type NR,0.01,Pyrolysis,None reported,Alkali treatment; organic functionalization,NaOH; glutaraldehyde; cystamine dihydrochloride,"ijms-20-01775.pdf; PDF p. 11, Sections 3.1-3.2"
Chen_2019,C0.50,Rice husk,Rice husk,NR,NaOH treatment + glutaraldehyde/cystamine modification,Not reported,Alkali treatment; organic functionalisation,NaOH; glutaraldehyde; cystamine dihydrochloride,NaOH treatment + glutaraldehyde/cystamine modification,Alkali treatment; organic functionalization,NaOH; glutaraldehyde; cystamine dihydrochloride,425,Cd(II),Cd,II,Synthetic Cd(NO3)2 in10mM NaNO3,100,1,NR,23.743,NR,60.3,NR,Pseudo-first-order,NR,NR,NR,NR,NR,7,Reported ±; fit uncertainty type NR,1,Pyrolysis,None reported,Alkali treatment; organic functionalization,NaOH; glutaraldehyde; cystamine dihydrochloride,"ijms-20-01775.pdf; PDF p. 11, Sections 3.1-3.2"
Chen_2019,C0.50,Rice husk,Rice husk,NR,NaOH treatment + glutaraldehyde/cystamine modification,Not reported,Alkali treatment; organic functionalisation,NaOH; glutaraldehyde; cystamine dihydrochloride,NaOH treatment + glutaraldehyde/cystamine modification,Alkali treatment; organic functionalization,NaOH; glutaraldehyde; cystamine dihydrochloride,425,Cd(II),Cd,II,Synthetic Cd(NO3)2 in10mM NaNO3,100,1,NR,23.743,NR,68.31,NR,Pseudo-second-order,NR,NR,NR,NR,NR,7,Reported ±; fit uncertainty type NR,0.13,Pyrolysis,None reported,Alkali treatment; organic functionalization,NaOH; glutaraldehyde; cystamine dihydrochloride,"ijms-20-01775.pdf; PDF p. 11, Sections 3.1-3.2"
Chen_2019,C0.75,Rice husk,Rice husk,NR,NaOH treatment + glutaraldehyde/cystamine modification,Not reported,Alkali treatment; organic functionalisation,NaOH; glutaraldehyde; cystamine dihydrochloride,NaOH treatment + glutaraldehyde/cystamine modification,Alkali treatment; organic functionalization,NaOH; glutaraldehyde; cystamine dihydrochloride,425,Cd(II),Cd,II,Synthetic Cd(NO3)2 in10mM NaNO3,100,1,NR,19.065,NR,75.28,NR,Pseudo-first-order,NR,NR,NR,NR,NR,7,Reported ±; fit uncertainty type NR,1.16,Pyrolysis,None reported,Alkali treatment; organic functionalization,NaOH; glutaraldehyde; cystamine dihydrochloride,"ijms-20-01775.pdf; PDF p. 11, Sections 3.1-3.2"
Chen_2019,C0.75,Rice husk,Rice husk,NR,NaOH treatment + glutaraldehyde/cystamine modification,Not reported,Alkali treatment; organic functionalisation,NaOH; glutaraldehyde; cystamine dihydrochloride,NaOH treatment + glutaraldehyde/cystamine modification,Alkali treatment; organic functionalization,NaOH; glutaraldehyde; cystamine dihydrochloride,425,Cd(II),Cd,II,Synthetic Cd(NO3)2 in10mM NaNO3,100,1,NR,19.065,NR,85.41,NR,Pseudo-second-order,NR,NR,NR,NR,NR,7,Reported ±; fit uncertainty type NR,0.43,Pyrolysis,None reported,Alkali treatment; organic functionalization,NaOH; glutaraldehyde; cystamine dihydrochloride,"ijms-20-01775.pdf; PDF p. 11, Sections 3.1-3.2"
Chen_2019,C1.00,Rice husk,Rice husk,NR,NaOH treatment + glutaraldehyde/cystamine modification,Not reported,Alkali treatment; organic functionalisation,NaOH; glutaraldehyde; cystamine dihydrochloride,NaOH treatment + glutaraldehyde/cystamine modification,Alkali treatment; organic functionalization,NaOH; glutaraldehyde; cystamine dihydrochloride,425,Cd(II),Cd,II,Synthetic Cd(NO3)2 in10mM NaNO3,100,1,NR,18.181,NR,25.1,NR,Pseudo-first-order,NR,NR,NR,NR,NR,7,Reported ±; fit uncertainty type NR,0.6,Pyrolysis,None reported,Alkali treatment; organic functionalization,NaOH; glutaraldehyde; cystamine dihydrochloride,"ijms-20-01775.pdf; PDF p. 11, Sections 3.1-3.2"
Chen_2019,C1.00,Rice husk,Rice husk,NR,NaOH treatment + glutaraldehyde/cystamine modification,Not reported,Alkali treatment; organic functionalisation,NaOH; glutaraldehyde; cystamine dihydrochloride,NaOH treatment + glutaraldehyde/cystamine modification,Alkali treatment; organic functionalization,NaOH; glutaraldehyde; cystamine dihydrochloride,425,Cd(II),Cd,II,Synthetic Cd(NO3)2 in10mM NaNO3,100,1,NR,18.181,NR,27.73,NR,Pseudo-second-order,NR,NR,NR,NR,NR,7,Reported ±; fit uncertainty type NR,0.36,Pyrolysis,None reported,Alkali treatment; organic functionalization,NaOH; glutaraldehyde; cystamine dihydrochloride,"ijms-20-01775.pdf; PDF p. 11, Sections 3.1-3.2"
Chen_2019,C1.25,Rice husk,Rice husk,NR,NaOH treatment + glutaraldehyde/cystamine modification,Not reported,Alkali treatment; organic functionalisation,NaOH; glutaraldehyde; cystamine dihydrochloride,NaOH treatment + glutaraldehyde/cystamine modification,Alkali treatment; organic functionalization,NaOH; glutaraldehyde; cystamine dihydrochloride,425,Cd(II),Cd,II,Synthetic Cd(NO3)2 in10mM NaNO3,100,1,NR,16.271,NR,2.863,NR,Pseudo-first-order,NR,NR,NR,NR,NR,7,Reported ±; fit uncertainty type NR,0.072,Pyrolysis,None reported,Alkali treatment; organic functionalization,NaOH; glutaraldehyde; cystamine dihydrochloride,"ijms-20-01775.pdf; PDF p. 11, Sections 3.1-3.2"
Chen_2019,C1.25,Rice husk,Rice husk,NR,NaOH treatment + glutaraldehyde/cystamine modification,Not reported,Alkali treatment; organic functionalisation,NaOH; glutaraldehyde; cystamine dihydrochloride,NaOH treatment + glutaraldehyde/cystamine modification,Alkali treatment; organic functionalization,NaOH; glutaraldehyde; cystamine dihydrochloride,425,Cd(II),Cd,II,Synthetic Cd(NO3)2 in10mM NaNO3,100,1,NR,16.271,NR,3.31,NR,Pseudo-second-order,NR,NR,NR,NR,NR,7,Reported ±; fit uncertainty type NR,0.05,Pyrolysis,None reported,Alkali treatment; organic functionalization,NaOH; glutaraldehyde; cystamine dihydrochloride,"ijms-20-01775.pdf; PDF p. 11, Sections 3.1-3.2"
Chen_2019,CK,Rice husk,Rice husk,NR,Pyrolysis (unmodified biochar),Pyrolysis,None,None,Pyrolysis (unmodified biochar),None reported,None reported,425,Cd(II),Cd,II,Synthetic Cd(NO3)2 in10mM NaNO3,100,1,NR,46.196,NR,7.6,NR,Pseudo-first-order,NR,NR,NR,NR,NR,7,Reported ±; fit uncertainty type NR,0.07,Pyrolysis,None reported,None reported,None reported,"ijms-20-01775.pdf; PDF p. 11, Sections 3.1-3.2"
Chen_2019,CK,Rice husk,Rice husk,NR,Pyrolysis (unmodified biochar),Pyrolysis,None,None,Pyrolysis (unmodified biochar),None reported,None reported,425,Cd(II),Cd,II,Synthetic Cd(NO3)2 in10mM NaNO3,100,1,NR,46.196,NR,7.858,NR,Pseudo-second-order,NR,NR,NR,NR,NR,7,Reported ±; fit uncertainty type NR,0.002,Pyrolysis,None reported,None reported,None reported,"ijms-20-01775.pdf; PDF p. 11, Sections 3.1-3.2"
Curi-Zavala_2026,M0,Rice husk,Rice husk,NR,Pyrolysis; None (biochar only),Pyrolysis,None,None,Pyrolysis; None (biochar only),None reported,None reported,650,Cd(II),Cd,II,Synthetic Cd standard solution; sand/biochar vertical-flow recirculating biofilter,3,NR,1440,149.4048,99.74,NR,NR,NR,NR,NR,3,NR,NR,NR,SE,0.08,Pyrolysis,None reported,None reported,None reported,"fmicb-17-1794830(1).pdf; PDF p. 3, Sections 2.2-2.3"
Curi-Zavala_2026,M0,Rice husk,Rice husk,NR,Pyrolysis; None (biochar only),Pyrolysis,None,None,Pyrolysis; None (biochar only),None reported,None reported,650,Cd(II),Cd,II,Synthetic Cd standard solution; sand/biochar vertical-flow recirculating biofilter,6,NR,1440,149.4048,99.17,NR,NR,NR,NR,NR,3,NR,NR,NR,SE,0.41,Pyrolysis,None reported,None reported,None reported,"fmicb-17-1794830(1).pdf; PDF p. 3, Sections 2.2-2.3"
Curi-Zavala_2026,M0,Rice husk,Rice husk,NR,Pyrolysis; None (biochar only),Pyrolysis,None,None,Pyrolysis; None (biochar only),None reported,None reported,650,Cd(II),Cd,II,Synthetic Cd standard solution; sand/biochar vertical-flow recirculating biofilter,15,NR,1440,149.4048,94.35,NR,NR,NR,NR,NR,3,NR,NR,NR,SE,6.29,Pyrolysis,None reported,None reported,None reported,"fmicb-17-1794830(1).pdf; PDF p. 3, Sections 2.2-2.3"
Curi-Zavala_2026,M1,Rice husk,Rice husk,NR,Pyrolysis; Chlorella sp. colonization,Pyrolysis,Biological modification,Chlorella sp.,Pyrolysis; Chlorella sp. colonization,Biological modification,Chlorella sp.,650,Cd(II),Cd,II,Synthetic Cd standard solution; sand/biochar vertical-flow recirculating biofilter,3,NR,1440,108.8709,93.85,NR,NR,NR,NR,NR,3,NR,NR,NR,SE,5.17,Pyrolysis,None reported,Biological modification,Chlorella sp.,"fmicb-17-1794830(1).pdf; PDF p. 3, Sections 2.2-2.3"
Curi-Zavala_2026,M1,Rice husk,Rice husk,NR,Pyrolysis; Chlorella sp. colonization,Pyrolysis,Biological modification,Chlorella sp.,Pyrolysis; Chlorella sp. colonization,Biological modification,Chlorella sp.,650,Cd(II),Cd,II,Synthetic Cd standard solution; sand/biochar vertical-flow recirculating biofilter,6,NR,1440,108.8709,94.25,NR,NR,NR,NR,NR,3,NR,NR,NR,SE,5.08,Pyrolysis,None reported,Biological modification,Chlorella sp.,"fmicb-17-1794830(1).pdf; PDF p. 3, Sections 2.2-2.3"
Curi-Zavala_2026,M1,Rice husk,Rice husk,NR,Pyrolysis; Chlorella sp. colonization,Pyrolysis,Biological modification,Chlorella sp.,Pyrolysis; Chlorella sp. colonization,Biological modification,Chlorella sp.,650,Cd(II),Cd,II,Synthetic Cd standard solution; sand/biochar vertical-flow recirculating biofilter,15,NR,1440,108.8709,99.22,NR,NR,NR,NR,NR,3,NR,NR,NR,SE,1.06,Pyrolysis,None reported,Biological modification,Chlorella sp.,"fmicb-17-1794830(1).pdf; PDF p. 3, Sections 2.2-2.3"
Curi-Zavala_2026,M2,Rice husk,Rice husk,NR,Pyrolysis; Pseudomonas sp. colonization,Pyrolysis,Biological modification,Pseudomonas sp.; molasses,Pyrolysis; Pseudomonas sp. colonization,Biological modification,Pseudomonas sp.; molasses,650,Cd(II),Cd,II,Synthetic Cd standard solution; sand/biochar vertical-flow recirculating biofilter,3,NR,1440,21.0039,79.26,NR,NR,NR,NR,NR,3,NR,NR,NR,SE,17.21,Pyrolysis,None reported,Biological modification,Pseudomonas sp.; molasses,"fmicb-17-1794830(1).pdf; PDF p. 3, Sections 2.2-2.3"
Curi-Zavala_2026,M2,Rice husk,Rice husk,NR,Pyrolysis; Pseudomonas sp. colonization,Pyrolysis,Biological modification,Pseudomonas sp.; molasses,Pyrolysis; Pseudomonas sp. colonization,Biological modification,Pseudomonas sp.; molasses,650,Cd(II),Cd,II,Synthetic Cd standard solution; sand/biochar vertical-flow recirculating biofilter,6,NR,1440,21.0039,77.16,NR,NR,NR,NR,NR,3,NR,NR,NR,SE,7.14,Pyrolysis,None reported,Biological modification,Pseudomonas sp.; molasses,"fmicb-17-1794830(1).pdf; PDF p. 3, Sections 2.2-2.3"
Curi-Zavala_2026,M2,Rice husk,Rice husk,NR,Pyrolysis; Pseudomonas sp. colonization,Pyrolysis,Biological modification,Pseudomonas sp.; molasses,Pyrolysis; Pseudomonas sp. colonization,Biological modification,Pseudomonas sp.; molasses,650,Cd(II),Cd,II,Synthetic Cd standard solution; sand/biochar vertical-flow recirculating biofilter,15,NR,1440,21.0039,75.07,NR,NR,NR,NR,NR,3,NR,NR,NR,SE,12.73,Pyrolysis,None reported,Biological modification,Pseudomonas sp.; molasses,"fmicb-17-1794830(1).pdf; PDF p. 3, Sections 2.2-2.3"
Curi-Zavala_2026,M3,Rice husk,Rice husk,NR,Pyrolysis; Trichoderma harzianum colonization,Pyrolysis,Biological modification,Trichoderma harzianum; molasses,Pyrolysis; Trichoderma harzianum colonization,Biological modification,Trichoderma harzianum; molasses,650,Cd(II),Cd,II,Synthetic Cd standard solution; sand/biochar vertical-flow recirculating biofilter,3,NR,1440,1.4404,82.92,NR,NR,NR,NR,NR,3,NR,NR,NR,SE,10.63,Pyrolysis,None reported,Biological modification,Trichoderma harzianum; molasses,"fmicb-17-1794830(1).pdf; PDF p. 3, Sections 2.2-2.3"
Curi-Zavala_2026,M3,Rice husk,Rice husk,NR,Pyrolysis; Trichoderma harzianum colonization,Pyrolysis,Biological modification,Trichoderma harzianum; molasses,Pyrolysis; Trichoderma harzianum colonization,Biological modification,Trichoderma harzianum; molasses,650,Cd(II),Cd,II,Synthetic Cd standard solution; sand/biochar vertical-flow recirculating biofilter,6,NR,1440,1.4404,73.34,NR,NR,NR,NR,NR,3,NR,NR,NR,SE,7.33,Pyrolysis,None reported,Biological modification,Trichoderma harzianum; molasses,"fmicb-17-1794830(1).pdf; PDF p. 3, Sections 2.2-2.3"
Curi-Zavala_2026,M3,Rice husk,Rice husk,NR,Pyrolysis; Trichoderma harzianum colonization,Pyrolysis,Biological modification,Trichoderma harzianum; molasses,Pyrolysis; Trichoderma harzianum colonization,Biological modification,Trichoderma harzianum; molasses,650,Cd(II),Cd,II,Synthetic Cd standard solution; sand/biochar vertical-flow recirculating biofilter,15,NR,1440,1.4404,77.79,NR,NR,NR,NR,NR,3,NR,NR,NR,SE,12.22,Pyrolysis,None reported,Biological modification,Trichoderma harzianum; molasses,"fmicb-17-1794830(1).pdf; PDF p. 3, Sections 2.2-2.3"
Ding_2026,KBAC,Sugarcane bagasse,Sugarcane bagasse,NR,Pyrolysis withKHCO3 1:1 underN2,Pyrolysis,"Chemical treatment, unspecified",KHCO3,Pyrolysis withKHCO3 1:1 underN2,None reported,KHCO3,800,Pb(II),Pb,II,Synthetic Pb(NO3)2 solution in ultrapure water,255,1,NR,1247.43,NR,NR,45.4,NR,Langmuir,NR,NR,NR,NR,NR,NR,NR,Pyrolysis,Chemical activation,None reported,KHCO3,"molecules-31-01399.pdf; PDF p. 11, Section 4.2"
Ding_2026,KBAC,Sugarcane bagasse,Sugarcane bagasse,NR,Pyrolysis withKHCO3 1:1 underN2,Pyrolysis,"Chemical treatment, unspecified",KHCO3,Pyrolysis withKHCO3 1:1 underN2,None reported,KHCO3,800,Pb(II),Pb,II,Synthetic Pb(NO3)2 solution in ultrapure water,255,1,NR,1247.43,NR,NR,44.311,NR,Dubinin-Radushkevich,NR,NR,NR,NR,NR,NR,NR,Pyrolysis,Chemical activation,None reported,KHCO3,"molecules-31-01399.pdf; PDF p. 11, Section 4.2"
Ding_2026,KBAC,Sugarcane bagasse,Sugarcane bagasse,NR,Pyrolysis withKHCO3 1:1 underN2,Pyrolysis,"Chemical treatment, unspecified",KHCO3,Pyrolysis withKHCO3 1:1 underN2,None reported,KHCO3,800,Pb(II),Pb,II,Synthetic Pb(NO3)2 solution in ultrapure water,NR,1,NR,1247.43,NR,49.62,NR,NR,NR,NR,NR,NR,NR,NR,NR,NR,Pyrolysis,Chemical activation,None reported,KHCO3,"molecules-31-01399.pdf; PDF p. 11, Section 4.2"
Ding_2026,BBC,Sugarcane bagasse,Sugarcane bagasse,NR,Pyrolysis; atmosphere not explicitly specified for controls,Pyrolysis,Not reported,Not reported,Pyrolysis; atmosphere not explicitly specified for controls,None reported,None reported,800,Pb(II),Pb,II,Synthetic Pb(NO3)2 solution in ultrapure water,255,1,NR,49.44,NR,NR,2.672,NR,Langmuir,NR,NR,NR,NR,NR,NR,NR,Pyrolysis,None reported,None reported,None reported,"molecules-31-01399.pdf; PDF p. 11, Section 4.2"
Ding_2026,BBC,Sugarcane bagasse,Sugarcane bagasse,NR,Pyrolysis; atmosphere not explicitly specified for controls,Pyrolysis,Not reported,Not reported,Pyrolysis; atmosphere not explicitly specified for controls,None reported,None reported,800,Pb(II),Pb,II,Synthetic Pb(NO3)2 solution in ultrapure water,255,1,NR,49.44,NR,NR,3.678,NR,Dubinin-Radushkevich,NR,NR,NR,NR,NR,NR,NR,Pyrolysis,None reported,None reported,None reported,"molecules-31-01399.pdf; PDF p. 11, Section 4.2"
Ding_2026,BBC,Sugarcane bagasse,Sugarcane bagasse,NR,Pyrolysis; atmosphere not explicitly specified for controls,Pyrolysis,Not reported,Not reported,Pyrolysis; atmosphere not explicitly specified for controls,None reported,None reported,800,Pb(II),Pb,II,Synthetic Pb(NO3)2 solution in ultrapure water,400,1,NR,49.44,NR,32.46,NR,Pseudo-first-order,NR,NR,NR,NR,NR,NR,NR,NR,Pyrolysis,None reported,None reported,None reported,"molecules-31-01399.pdf; PDF p. 11, Section 4.2"
Ding_2026,BBC,Sugarcane bagasse,Sugarcane bagasse,NR,Pyrolysis; atmosphere not explicitly specified for controls,Pyrolysis,Not reported,Not reported,Pyrolysis; atmosphere not explicitly specified for controls,None reported,None reported,800,Pb(II),Pb,II,Synthetic Pb(NO3)2 solution in ultrapure water,400,1,NR,49.44,NR,25.641,NR,Pseudo-second-order,NR,NR,NR,NR,NR,NR,NR,NR,Pyrolysis,None reported,None reported,None reported,"molecules-31-01399.pdf; PDF p. 11, Section 4.2"
Ding_2026,KBAC,Sugarcane bagasse,Sugarcane bagasse,NR,Pyrolysis withKHCO3 1:1 underN2,Pyrolysis,"Chemical treatment, unspecified",KHCO3,Pyrolysis withKHCO3 1:1 underN2,None reported,KHCO3,800,Pb(II),Pb,II,Synthetic Pb(NO3)2 solution in ultrapure water,400,1,NR,1247.43,NR,26.549,NR,Pseudo-first-order,NR,NR,NR,NR,NR,NR,NR,NR,Pyrolysis,Chemical activation,None reported,KHCO3,"molecules-31-01399.pdf; PDF p. 11, Section 4.2"
Ding_2026,KBAC,Sugarcane bagasse,Sugarcane bagasse,NR,Pyrolysis withKHCO3 1:1 underN2,Pyrolysis,"Chemical treatment, unspecified",KHCO3,Pyrolysis withKHCO3 1:1 underN2,None reported,KHCO3,800,Pb(II),Pb,II,Synthetic Pb(NO3)2 solution in ultrapure water,400,1,NR,1247.43,NR,76.923,NR,Pseudo-second-order,NR,NR,NR,NR,NR,NR,NR,NR,Pyrolysis,Chemical activation,None reported,KHCO3,"molecules-31-01399.pdf; PDF p. 11, Section 4.2"
Ding_2026,KBAC,Sugarcane bagasse,Sugarcane bagasse,NR,Pyrolysis withKHCO3 1:1 underN2,Pyrolysis,"Chemical treatment, unspecified",KHCO3,Pyrolysis withKHCO3 1:1 underN2,None reported,KHCO3,800,Pb(II),Pb,II,Synthetic Pb(NO3)2 solution in ultrapure water,NR,1,NR,1247.43,NR,76.94,NR,NR,NR,NR,NR,NR,NR,NR,NR,NR,Pyrolysis,Chemical activation,None reported,KHCO3,"molecules-31-01399.pdf; PDF p. 11, Section 4.2"
Giraldo_2008,ACB,Sugarcane bagasse,Sugarcane bagasse,NR,HNO3 impregnation + N2/steam activation,Not reported,Physical activation; chemical impregnation,HNO3; steam,HNO3 impregnation + N2/steam activation,None reported,HNO3; steam,899.85,Pb(II),Pb,II,Synthetic aqueous lead nitrate solution,62.5,NR,NR,868,NR,NR,11.6,NR,Langmuir,NR,NR,NR,Yes; pH-specific calibration curves,8,NR,NR,Pyrolysis,Combined activation,None reported,HNO3; steam,"download(3).pdf; PDF p. 3, Activated Carbons Obtained by Chemical Activation"
Giraldo_2008,ACB,Sugarcane bagasse,Sugarcane bagasse,NR,HNO3 impregnation + N2/steam activation,Not reported,Physical activation; chemical impregnation,HNO3; steam,HNO3 impregnation + N2/steam activation,None reported,HNO3; steam,899.85,Pb(II),Pb,II,Synthetic aqueous lead nitrate solution,62.5,NR,NR,868,NR,NR,8.6,NR,Langmuir,NR,NR,NR,Yes; pH-specific calibration curves,6,NR,NR,Pyrolysis,Combined activation,None reported,HNO3; steam,"download(3).pdf; PDF p. 3, Activated Carbons Obtained by Chemical Activation"
Giraldo_2008,ACB,Sugarcane bagasse,Sugarcane bagasse,NR,HNO3 impregnation + N2/steam activation,Not reported,Physical activation; chemical impregnation,HNO3; steam,HNO3 impregnation + N2/steam activation,None reported,HNO3; steam,899.85,Pb(II),Pb,II,Synthetic aqueous lead nitrate solution,62.5,NR,NR,868,NR,NR,11.9,NR,Langmuir,NR,NR,NR,Yes; pH-specific calibration curves,5,NR,NR,Pyrolysis,Combined activation,None reported,HNO3; steam,"download(3).pdf; PDF p. 3, Activated Carbons Obtained by Chemical Activation"
Giraldo_2008,ACB,Sugarcane bagasse,Sugarcane bagasse,NR,HNO3 impregnation + N2/steam activation,Not reported,Physical activation; chemical impregnation,HNO3; steam,HNO3 impregnation + N2/steam activation,None reported,HNO3; steam,899.85,Pb(II),Pb,II,Synthetic aqueous lead nitrate solution,62.5,NR,NR,868,NR,NR,13.7,NR,Langmuir,NR,NR,NR,Yes; pH-specific calibration curves,4,NR,NR,Pyrolysis,Combined activation,None reported,HNO3; steam,"download(3).pdf; PDF p. 3, Activated Carbons Obtained by Chemical Activation"
Giraldo_2008,ACB,Sugarcane bagasse,Sugarcane bagasse,NR,HNO3 impregnation + N2/steam activation,Not reported,Physical activation; chemical impregnation,HNO3; steam,HNO3 impregnation + N2/steam activation,None reported,HNO3; steam,899.85,Pb(II),Pb,II,Synthetic aqueous lead nitrate solution,62.5,NR,NR,868,NR,NR,6.4,NR,Langmuir,NR,NR,NR,Yes; pH-specific calibration curves,2,NR,NR,Pyrolysis,Combined activation,None reported,HNO3; steam,"download(3).pdf; PDF p. 3, Activated Carbons Obtained by Chemical Activation"
Hassan_2014,HNLC41,Rice husk,Rice husk,NR,HF pre-leaching + NaOH activation + H2O2 oxidation,Not reported,Acid pre-leaching; chemical activation; oxidation,HF; NaOH; H2O2,HF pre-leaching + NaOH activation + H2O2 oxidation,Acid treatment; oxidation,HF; NaOH; H2O2,800,Pb(II),Pb,II,Distilled water; synthetic Pb nitrate solution,NR,NR,600,NR,NR,NR,117.5,NR,Langmuir,NR,NR,NR,NR,NR,NR,NR,Pyrolysis,Chemical activation,Acid treatment; oxidation,HF; NaOH; H2O2,"6LeadonRiceHuskAC(1).pdf; PDF p. 2, Sections 2.2-2.3"
Hassan_2014,NLC21,Rice husk,Rice husk,NR,HF pre-leaching + carbonization + NaOH activation (1:2),"Carbonisation, unspecified",Acid pre-leaching; chemical activation,HF; NaOH,HF pre-leaching + carbonization + NaOH activation (1:2),Acid treatment,HF; NaOH,800,Pb(II),Pb,II,Distilled water; synthetic Pb nitrate solution,NR,NR,600,1035,NR,NR,69.4,NR,Langmuir,NR,NR,NR,NR,NR,NR,NR,Pyrolysis,Chemical activation,Acid treatment,HF; NaOH,"6LeadonRiceHuskAC(1).pdf; PDF p. 2, Sections 2.2-2.3"
Hassan_2014,NLC31,Rice husk,Rice husk,NR,HF pre-leaching + carbonization + NaOH activation (1:3),"Carbonisation, unspecified",Acid pre-leaching; chemical activation,HF; NaOH,HF pre-leaching + carbonization + NaOH activation (1:3),Acid treatment,HF; NaOH,800,Pb(II),Pb,II,Distilled water; synthetic Pb nitrate solution,NR,NR,600,1673,NR,NR,82.9,NR,Langmuir,NR,NR,NR,NR,NR,NR,NR,Pyrolysis,Chemical activation,Acid treatment,HF; NaOH,"6LeadonRiceHuskAC(1).pdf; PDF p. 2, Sections 2.2-2.3"
Hassan_2014,NLC41,Rice husk,Rice husk,NR,HF pre-leaching + carbonization + NaOH activation (1:4),"Carbonisation, unspecified",Acid pre-leaching; chemical activation,HF; NaOH,HF pre-leaching + carbonization + NaOH activation (1:4),Acid treatment,HF; NaOH,800,Pb(II),Pb,II,Distilled water; synthetic Pb nitrate solution,NR,NR,600,1828,NR,NR,99.6,NR,Langmuir,NR,NR,NR,NR,NR,NR,NR,Pyrolysis,Chemical activation,Acid treatment,HF; NaOH,"6LeadonRiceHuskAC(1).pdf; PDF p. 2, Sections 2.2-2.3"
Hassan_2014,NNLC41,Rice husk,Rice husk,NR,HF pre-leaching + NaOH activation + HNO3 oxidation,Not reported,Acid pre-leaching; chemical activation; oxidation,HF; NaOH; HNO3,HF pre-leaching + NaOH activation + HNO3 oxidation,Acid treatment; oxidation,HF; NaOH; HNO3,800,Pb(II),Pb,II,Distilled water; synthetic Pb nitrate solution,NR,NR,600,NR,NR,NR,128.2,NR,Langmuir,NR,NR,NR,NR,NR,NR,NR,Pyrolysis,Chemical activation,Acid treatment; oxidation,HF; NaOH; HNO3,"6LeadonRiceHuskAC(1).pdf; PDF p. 2, Sections 2.2-2.3"
Huang_2025,BC300,Rice husk,Rice husk,NR,Pyrolysis underN2,Pyrolysis,Not reported,Not reported,Pyrolysis underN2,None reported,None reported,300,Cd(II),Cd,II,Synthetic nitrate metal solution,155,2.5,1440,0.6,NR,NR,5.96,NR,Langmuir,NR,2,NR,NR,5,NR,NR,Pyrolysis,None reported,None reported,None reported,"molecules-30-03616.pdf; PDF p. 18, Sections 3.1-3.2"
Huang_2025,BC300,Rice husk,Rice husk,NR,Pyrolysis underN2,Pyrolysis,Not reported,Not reported,Pyrolysis underN2,None reported,None reported,300,Pb(II),Pb,II,Synthetic nitrate metal solution,155,2.5,1440,0.6,NR,NR,7.14,NR,Langmuir,NR,2,NR,NR,5,NR,NR,Pyrolysis,None reported,None reported,None reported,"molecules-30-03616.pdf; PDF p. 18, Sections 3.1-3.2"
Huang_2025,BC400,Rice husk,Rice husk,NR,Pyrolysis underN2,Pyrolysis,Not reported,Not reported,Pyrolysis underN2,None reported,None reported,400,Cd(II),Cd,II,Synthetic nitrate metal solution,155,2.5,1440,5.4,NR,NR,6.87,NR,Langmuir,NR,2,NR,NR,5,NR,NR,Pyrolysis,None reported,None reported,None reported,"molecules-30-03616.pdf; PDF p. 18, Sections 3.1-3.2"
Huang_2025,BC400,Rice husk,Rice husk,NR,Pyrolysis underN2,Pyrolysis,Not reported,Not reported,Pyrolysis underN2,None reported,None reported,400,Pb(II),Pb,II,Synthetic nitrate metal solution,155,2.5,1440,5.4,NR,NR,11.86,NR,Langmuir,NR,2,NR,NR,5,NR,NR,Pyrolysis,None reported,None reported,None reported,"molecules-30-03616.pdf; PDF p. 18, Sections 3.1-3.2"
Huang_2025,BC500,Rice husk,Rice husk,NR,Pyrolysis underN2,Pyrolysis,Not reported,Not reported,Pyrolysis underN2,None reported,None reported,500,Cd(II),Cd,II,Synthetic nitrate metal solution,155,2.5,1440,23,NR,NR,4.69,NR,Langmuir,NR,2,NR,NR,5,NR,NR,Pyrolysis,None reported,None reported,None reported,"molecules-30-03616.pdf; PDF p. 18, Sections 3.1-3.2"
Huang_2025,BC500,Rice husk,Rice husk,NR,Pyrolysis underN2,Pyrolysis,Not reported,Not reported,Pyrolysis underN2,None reported,None reported,500,Pb(II),Pb,II,Synthetic nitrate metal solution,155,2.5,1440,23,NR,NR,9.98,NR,Langmuir,NR,2,NR,NR,5,NR,NR,Pyrolysis,None reported,None reported,None reported,"molecules-30-03616.pdf; PDF p. 18, Sections 3.1-3.2"
Huang_2025,HNO3-BC300,Rice husk,Rice husk,NR,Pyrolysis underN2 +HNO3 surface modification90C/4h,Pyrolysis,Acid treatment; oxidation,HNO3,Pyrolysis underN2 +HNO3 surface modification90C/4h,Acid treatment; oxidation,HNO3,300,Cd(II),Cd,II,Synthetic nitrate metal solution,155,2.5,1440,119.1,NR,NR,23.12,NR,Langmuir,NR,2,NR,NR,5,NR,NR,Pyrolysis,None reported,Acid treatment; oxidation,HNO3,"molecules-30-03616.pdf; PDF p. 18, Sections 3.1-3.2"
Huang_2025,HNO3-BC300,Rice husk,Rice husk,NR,Pyrolysis underN2 +HNO3 surface modification90C/4h,Pyrolysis,Acid treatment; oxidation,HNO3,Pyrolysis underN2 +HNO3 surface modification90C/4h,Acid treatment; oxidation,HNO3,300,Pb(II),Pb,II,Synthetic nitrate metal solution,155,2.5,1440,119.1,NR,NR,89.46,NR,Langmuir,NR,2,NR,NR,5,NR,NR,Pyrolysis,None reported,Acid treatment; oxidation,HNO3,"molecules-30-03616.pdf; PDF p. 18, Sections 3.1-3.2"
Huang_2025,HNO3-BC400,Rice husk,Rice husk,NR,Pyrolysis underN2 +HNO3 surface modification90C/4h,Pyrolysis,Acid treatment; oxidation,HNO3,Pyrolysis underN2 +HNO3 surface modification90C/4h,Acid treatment; oxidation,HNO3,400,Cd(II),Cd,II,Synthetic nitrate metal solution,155,2.5,1440,26.2,NR,NR,17.5,NR,Langmuir,NR,2,NR,NR,5,NR,NR,Pyrolysis,None reported,Acid treatment; oxidation,HNO3,"molecules-30-03616.pdf; PDF p. 18, Sections 3.1-3.2"
Huang_2025,HNO3-BC400,Rice husk,Rice husk,NR,Pyrolysis underN2 +HNO3 surface modification90C/4h,Pyrolysis,Acid treatment; oxidation,HNO3,Pyrolysis underN2 +HNO3 surface modification90C/4h,Acid treatment; oxidation,HNO3,400,Pb(II),Pb,II,Synthetic nitrate metal solution,155,2.5,1440,26.2,NR,NR,71.52,NR,Langmuir,NR,2,NR,NR,5,NR,NR,Pyrolysis,None reported,Acid treatment; oxidation,HNO3,"molecules-30-03616.pdf; PDF p. 18, Sections 3.1-3.2"
Huang_2025,HNO3-BC500,Rice husk,Rice husk,NR,Pyrolysis underN2 +HNO3 surface modification90C/4h,Pyrolysis,Acid treatment; oxidation,HNO3,Pyrolysis underN2 +HNO3 surface modification90C/4h,Acid treatment; oxidation,HNO3,500,Cd(II),Cd,II,Synthetic nitrate metal solution,155,2.5,1440,11.1,NR,NR,6.79,NR,Langmuir,NR,2,NR,NR,5,NR,NR,Pyrolysis,None reported,Acid treatment; oxidation,HNO3,"molecules-30-03616.pdf; PDF p. 18, Sections 3.1-3.2"
Huang_2025,HNO3-BC500,Rice husk,Rice husk,NR,Pyrolysis underN2 +HNO3 surface modification90C/4h,Pyrolysis,Acid treatment; oxidation,HNO3,Pyrolysis underN2 +HNO3 surface modification90C/4h,Acid treatment; oxidation,HNO3,500,Pb(II),Pb,II,Synthetic nitrate metal solution,155,2.5,1440,11.1,NR,NR,27.77,NR,Langmuir,NR,2,NR,NR,5,NR,NR,Pyrolysis,None reported,Acid treatment; oxidation,HNO3,"molecules-30-03616.pdf; PDF p. 18, Sections 3.1-3.2"
Huang_2025,KOH-BC300,Rice husk,Rice husk,NR,Pyrolysis underN2 +KOH modification4h,Pyrolysis,Alkali treatment,KOH,Pyrolysis underN2 +KOH modification4h,Alkali treatment,KOH,300,Cd(II),Cd,II,Synthetic nitrate metal solution,155,2.5,1440,3,NR,NR,72.14,NR,Langmuir,NR,2,NR,NR,5,NR,NR,Pyrolysis,None reported,Alkali treatment,KOH,"molecules-30-03616.pdf; PDF p. 18, Sections 3.1-3.2"
Huang_2025,KOH-BC300,Rice husk,Rice husk,NR,Pyrolysis underN2 +KOH modification4h,Pyrolysis,Alkali treatment,KOH,Pyrolysis underN2 +KOH modification4h,Alkali treatment,KOH,300,Pb(II),Pb,II,Synthetic nitrate metal solution,155,2.5,1440,3,NR,NR,170.84,NR,Langmuir,NR,2,NR,NR,5,NR,NR,Pyrolysis,None reported,Alkali treatment,KOH,"molecules-30-03616.pdf; PDF p. 18, Sections 3.1-3.2"
Huang_2025,KOH-BC400,Rice husk,Rice husk,NR,Pyrolysis underN2 +KOH modification4h,Pyrolysis,Alkali treatment,KOH,Pyrolysis underN2 +KOH modification4h,Alkali treatment,KOH,400,Cd(II),Cd,II,Synthetic nitrate metal solution,155,2.5,1440,26.9,NR,NR,29.11,NR,Langmuir,NR,2,NR,NR,5,NR,NR,Pyrolysis,None reported,Alkali treatment,KOH,"molecules-30-03616.pdf; PDF p. 18, Sections 3.1-3.2"
Huang_2025,KOH-BC400,Rice husk,Rice husk,NR,Pyrolysis underN2 +KOH modification4h,Pyrolysis,Alkali treatment,KOH,Pyrolysis underN2 +KOH modification4h,Alkali treatment,KOH,400,Pb(II),Pb,II,Synthetic nitrate metal solution,155,2.5,1440,26.9,NR,NR,93.58,NR,Langmuir,NR,2,NR,NR,5,NR,NR,Pyrolysis,None reported,Alkali treatment,KOH,"molecules-30-03616.pdf; PDF p. 18, Sections 3.1-3.2"
Huang_2025,KOH-BC500,Rice husk,Rice husk,NR,Pyrolysis underN2 +KOH modification4h,Pyrolysis,Alkali treatment,KOH,Pyrolysis underN2 +KOH modification4h,Alkali treatment,KOH,500,Cd(II),Cd,II,Synthetic nitrate metal solution,155,2.5,1440,74.9,NR,NR,35.87,NR,Langmuir,NR,2,NR,NR,5,NR,NR,Pyrolysis,None reported,Alkali treatment,KOH,"molecules-30-03616.pdf; PDF p. 18, Sections 3.1-3.2"
Huang_2025,KOH-BC500,Rice husk,Rice husk,NR,Pyrolysis underN2 +KOH modification4h,Pyrolysis,Alkali treatment,KOH,Pyrolysis underN2 +KOH modification4h,Alkali treatment,KOH,500,Pb(II),Pb,II,Synthetic nitrate metal solution,155,2.5,1440,74.9,NR,NR,102.82,NR,Langmuir,NR,2,NR,NR,5,NR,NR,Pyrolysis,None reported,Alkali treatment,KOH,"molecules-30-03616.pdf; PDF p. 18, Sections 3.1-3.2"
Huang_2025,BC300,Rice husk,Rice husk,NR,Pyrolysis underN2,Pyrolysis,Not reported,Not reported,Pyrolysis underN2,None reported,None reported,300,Cd(II),Cd,II,Synthetic nitrate metal solution,50,2.5,NR,0.6,NR,2.58,NR,Pseudo-first-order,NR,NR,2,NR,NR,5,NR,NR,Pyrolysis,None reported,None reported,None reported,"molecules-30-03616.pdf; PDF p. 18, Sections 3.1-3.2"
Huang_2025,BC300,Rice husk,Rice husk,NR,Pyrolysis underN2,Pyrolysis,Not reported,Not reported,Pyrolysis underN2,None reported,None reported,300,Cd(II),Cd,II,Synthetic nitrate metal solution,50,2.5,NR,0.6,NR,2.66,NR,Pseudo-second-order,NR,NR,2,NR,NR,5,NR,NR,Pyrolysis,None reported,None reported,None reported,"molecules-30-03616.pdf; PDF p. 18, Sections 3.1-3.2"
Huang_2025,BC300,Rice husk,Rice husk,NR,Pyrolysis underN2,Pyrolysis,Not reported,Not reported,Pyrolysis underN2,None reported,None reported,300,Pb(II),Pb,II,Synthetic nitrate metal solution,50,2.5,NR,0.6,NR,4.2,NR,Pseudo-first-order,NR,NR,2,NR,NR,5,NR,NR,Pyrolysis,None reported,None reported,None reported,"molecules-30-03616.pdf; PDF p. 18, Sections 3.1-3.2"
Huang_2025,BC300,Rice husk,Rice husk,NR,Pyrolysis underN2,Pyrolysis,Not reported,Not reported,Pyrolysis underN2,None reported,None reported,300,Pb(II),Pb,II,Synthetic nitrate metal solution,50,2.5,NR,0.6,NR,4.37,NR,Pseudo-second-order,NR,NR,2,NR,NR,5,NR,NR,Pyrolysis,None reported,None reported,None reported,"molecules-30-03616.pdf; PDF p. 18, Sections 3.1-3.2"
Huang_2025,BC400,Rice husk,Rice husk,NR,Pyrolysis underN2,Pyrolysis,Not reported,Not reported,Pyrolysis underN2,None reported,None reported,400,Cd(II),Cd,II,Synthetic nitrate metal solution,50,2.5,NR,5.4,NR,6.86,NR,Pseudo-first-order,NR,NR,2,NR,NR,5,NR,NR,Pyrolysis,None reported,None reported,None reported,"molecules-30-03616.pdf; PDF p. 18, Sections 3.1-3.2"
Huang_2025,BC400,Rice husk,Rice husk,NR,Pyrolysis underN2,Pyrolysis,Not reported,Not reported,Pyrolysis underN2,None reported,None reported,400,Cd(II),Cd,II,Synthetic nitrate metal solution,50,2.5,NR,5.4,NR,7.22,NR,Pseudo-second-order,NR,NR,2,NR,NR,5,NR,NR,Pyrolysis,None reported,None reported,None reported,"molecules-30-03616.pdf; PDF p. 18, Sections 3.1-3.2"
Huang_2025,BC400,Rice husk,Rice husk,NR,Pyrolysis underN2,Pyrolysis,Not reported,Not reported,Pyrolysis underN2,None reported,None reported,400,Pb(II),Pb,II,Synthetic nitrate metal solution,50,2.5,NR,5.4,NR,12.51,NR,Pseudo-first-order,NR,NR,2,NR,NR,5,NR,NR,Pyrolysis,None reported,None reported,None reported,"molecules-30-03616.pdf; PDF p. 18, Sections 3.1-3.2"
Huang_2025,BC400,Rice husk,Rice husk,NR,Pyrolysis underN2,Pyrolysis,Not reported,Not reported,Pyrolysis underN2,None reported,None reported,400,Pb(II),Pb,II,Synthetic nitrate metal solution,50,2.5,NR,5.4,NR,12.57,NR,Pseudo-second-order,NR,NR,2,NR,NR,5,NR,NR,Pyrolysis,None reported,None reported,None reported,"molecules-30-03616.pdf; PDF p. 18, Sections 3.1-3.2"
Huang_2025,BC500,Rice husk,Rice husk,NR,Pyrolysis underN2,Pyrolysis,Not reported,Not reported,Pyrolysis underN2,None reported,None reported,500,Cd(II),Cd,II,Synthetic nitrate metal solution,50,2.5,NR,23,NR,3.93,NR,Pseudo-first-order,NR,NR,2,NR,NR,5,NR,NR,Pyrolysis,None reported,None reported,None reported,"molecules-30-03616.pdf; PDF p. 18, Sections 3.1-3.2"
Huang_2025,BC500,Rice husk,Rice husk,NR,Pyrolysis underN2,Pyrolysis,Not reported,Not reported,Pyrolysis underN2,None reported,None reported,500,Cd(II),Cd,II,Synthetic nitrate metal solution,50,2.5,NR,23,NR,4.13,NR,Pseudo-second-order,NR,NR,2,NR,NR,5,NR,NR,Pyrolysis,None reported,None reported,None reported,"molecules-30-03616.pdf; PDF p. 18, Sections 3.1-3.2"
Huang_2025,BC500,Rice husk,Rice husk,NR,Pyrolysis underN2,Pyrolysis,Not reported,Not reported,Pyrolysis underN2,None reported,None reported,500,Pb(II),Pb,II,Synthetic nitrate metal solution,50,2.5,NR,23,NR,10.89,NR,Pseudo-first-order,NR,NR,2,NR,NR,5,NR,NR,Pyrolysis,None reported,None reported,None reported,"molecules-30-03616.pdf; PDF p. 18, Sections 3.1-3.2"
Huang_2025,BC500,Rice husk,Rice husk,NR,Pyrolysis underN2,Pyrolysis,Not reported,Not reported,Pyrolysis underN2,None reported,None reported,500,Pb(II),Pb,II,Synthetic nitrate metal solution,50,2.5,NR,23,NR,11.19,NR,Pseudo-second-order,NR,NR,2,NR,NR,5,NR,NR,Pyrolysis,None reported,None reported,None reported,"molecules-30-03616.pdf; PDF p. 18, Sections 3.1-3.2"
Huang_2025,HNO3-BC300,Rice husk,Rice husk,NR,Pyrolysis underN2 +HNO3 surface modification90C/4h,Pyrolysis,Acid treatment; oxidation,HNO3,Pyrolysis underN2 +HNO3 surface modification90C/4h,Acid treatment; oxidation,HNO3,300,Cd(II),Cd,II,Synthetic nitrate metal solution,50,2.5,NR,119.1,NR,16.83,NR,Pseudo-first-order,NR,NR,2,NR,NR,5,NR,NR,Pyrolysis,None reported,Acid treatment; oxidation,HNO3,"molecules-30-03616.pdf; PDF p. 18, Sections 3.1-3.2"
Huang_2025,HNO3-BC300,Rice husk,Rice husk,NR,Pyrolysis underN2 +HNO3 surface modification90C/4h,Pyrolysis,Acid treatment; oxidation,HNO3,Pyrolysis underN2 +HNO3 surface modification90C/4h,Acid treatment; oxidation,HNO3,300,Cd(II),Cd,II,Synthetic nitrate metal solution,50,2.5,NR,119.1,NR,16.98,NR,Pseudo-second-order,NR,NR,2,NR,NR,5,NR,NR,Pyrolysis,None reported,Acid treatment; oxidation,HNO3,"molecules-30-03616.pdf; PDF p. 18, Sections 3.1-3.2"
Huang_2025,HNO3-BC300,Rice husk,Rice husk,NR,Pyrolysis underN2 +HNO3 surface modification90C/4h,Pyrolysis,Acid treatment; oxidation,HNO3,Pyrolysis underN2 +HNO3 surface modification90C/4h,Acid treatment; oxidation,HNO3,300,Pb(II),Pb,II,Synthetic nitrate metal solution,50,2.5,NR,119.1,NR,20.37,NR,Pseudo-first-order,NR,NR,2,NR,NR,5,NR,NR,Pyrolysis,None reported,Acid treatment; oxidation,HNO3,"molecules-30-03616.pdf; PDF p. 18, Sections 3.1-3.2"
Huang_2025,HNO3-BC300,Rice husk,Rice husk,NR,Pyrolysis underN2 +HNO3 surface modification90C/4h,Pyrolysis,Acid treatment; oxidation,HNO3,Pyrolysis underN2 +HNO3 surface modification90C/4h,Acid treatment; oxidation,HNO3,300,Pb(II),Pb,II,Synthetic nitrate metal solution,50,2.5,NR,119.1,NR,20.61,NR,Pseudo-second-order,NR,NR,2,NR,NR,5,NR,NR,Pyrolysis,None reported,Acid treatment; oxidation,HNO3,"molecules-30-03616.pdf; PDF p. 18, Sections 3.1-3.2"
Huang_2025,HNO3-BC400,Rice husk,Rice husk,NR,Pyrolysis underN2 +HNO3 surface modification90C/4h,Pyrolysis,Acid treatment; oxidation,HNO3,Pyrolysis underN2 +HNO3 surface modification90C/4h,Acid treatment; oxidation,HNO3,400,Cd(II),Cd,II,Synthetic nitrate metal solution,50,2.5,NR,26.2,NR,15.23,NR,Pseudo-first-order,NR,NR,2,NR,NR,5,NR,NR,Pyrolysis,None reported,Acid treatment; oxidation,HNO3,"molecules-30-03616.pdf; PDF p. 18, Sections 3.1-3.2"
Huang_2025,HNO3-BC400,Rice husk,Rice husk,NR,Pyrolysis underN2 +HNO3 surface modification90C/4h,Pyrolysis,Acid treatment; oxidation,HNO3,Pyrolysis underN2 +HNO3 surface modification90C/4h,Acid treatment; oxidation,HNO3,400,Cd(II),Cd,II,Synthetic nitrate metal solution,50,2.5,NR,26.2,NR,15.49,NR,Pseudo-second-order,NR,NR,2,NR,NR,5,NR,NR,Pyrolysis,None reported,Acid treatment; oxidation,HNO3,"molecules-30-03616.pdf; PDF p. 18, Sections 3.1-3.2"
Huang_2025,HNO3-BC400,Rice husk,Rice husk,NR,Pyrolysis underN2 +HNO3 surface modification90C/4h,Pyrolysis,Acid treatment; oxidation,HNO3,Pyrolysis underN2 +HNO3 surface modification90C/4h,Acid treatment; oxidation,HNO3,400,Pb(II),Pb,II,Synthetic nitrate metal solution,50,2.5,NR,26.2,NR,20.21,NR,Pseudo-first-order,NR,NR,2,NR,NR,5,NR,NR,Pyrolysis,None reported,Acid treatment; oxidation,HNO3,"molecules-30-03616.pdf; PDF p. 18, Sections 3.1-3.2"
Huang_2025,HNO3-BC400,Rice husk,Rice husk,NR,Pyrolysis underN2 +HNO3 surface modification90C/4h,Pyrolysis,Acid treatment; oxidation,HNO3,Pyrolysis underN2 +HNO3 surface modification90C/4h,Acid treatment; oxidation,HNO3,400,Pb(II),Pb,II,Synthetic nitrate metal solution,50,2.5,NR,26.2,NR,20.39,NR,Pseudo-second-order,NR,NR,2,NR,NR,5,NR,NR,Pyrolysis,None reported,Acid treatment; oxidation,HNO3,"molecules-30-03616.pdf; PDF p. 18, Sections 3.1-3.2"
Huang_2025,HNO3-BC500,Rice husk,Rice husk,NR,Pyrolysis underN2 +HNO3 surface modification90C/4h,Pyrolysis,Acid treatment; oxidation,HNO3,Pyrolysis underN2 +HNO3 surface modification90C/4h,Acid treatment; oxidation,HNO3,500,Cd(II),Cd,II,Synthetic nitrate metal solution,50,2.5,NR,11.1,NR,4.81,NR,Pseudo-first-order,NR,NR,2,NR,NR,5,NR,NR,Pyrolysis,None reported,Acid treatment; oxidation,HNO3,"molecules-30-03616.pdf; PDF p. 18, Sections 3.1-3.2"
Huang_2025,HNO3-BC500,Rice husk,Rice husk,NR,Pyrolysis underN2 +HNO3 surface modification90C/4h,Pyrolysis,Acid treatment; oxidation,HNO3,Pyrolysis underN2 +HNO3 surface modification90C/4h,Acid treatment; oxidation,HNO3,500,Cd(II),Cd,II,Synthetic nitrate metal solution,50,2.5,NR,11.1,NR,5.17,NR,Pseudo-second-order,NR,NR,2,NR,NR,5,NR,NR,Pyrolysis,None reported,Acid treatment; oxidation,HNO3,"molecules-30-03616.pdf; PDF p. 18, Sections 3.1-3.2"
Huang_2025,HNO3-BC500,Rice husk,Rice husk,NR,Pyrolysis underN2 +HNO3 surface modification90C/4h,Pyrolysis,Acid treatment; oxidation,HNO3,Pyrolysis underN2 +HNO3 surface modification90C/4h,Acid treatment; oxidation,HNO3,500,Pb(II),Pb,II,Synthetic nitrate metal solution,50,2.5,NR,11.1,NR,15.2,NR,Pseudo-first-order,NR,NR,2,NR,NR,5,NR,NR,Pyrolysis,None reported,Acid treatment; oxidation,HNO3,"molecules-30-03616.pdf; PDF p. 18, Sections 3.1-3.2"
Huang_2025,HNO3-BC500,Rice husk,Rice husk,NR,Pyrolysis underN2 +HNO3 surface modification90C/4h,Pyrolysis,Acid treatment; oxidation,HNO3,Pyrolysis underN2 +HNO3 surface modification90C/4h,Acid treatment; oxidation,HNO3,500,Pb(II),Pb,II,Synthetic nitrate metal solution,50,2.5,NR,11.1,NR,15.37,NR,Pseudo-second-order,NR,NR,2,NR,NR,5,NR,NR,Pyrolysis,None reported,Acid treatment; oxidation,HNO3,"molecules-30-03616.pdf; PDF p. 18, Sections 3.1-3.2"
Huang_2025,KOH-BC300,Rice husk,Rice husk,NR,Pyrolysis underN2 +KOH modification4h,Pyrolysis,Alkali treatment,KOH,Pyrolysis underN2 +KOH modification4h,Alkali treatment,KOH,300,Cd(II),Cd,II,Synthetic nitrate metal solution,50,2.5,NR,3,NR,19.8,NR,Pseudo-first-order,NR,NR,2,NR,NR,5,NR,NR,Pyrolysis,None reported,Alkali treatment,KOH,"molecules-30-03616.pdf; PDF p. 18, Sections 3.1-3.2"
Huang_2025,KOH-BC300,Rice husk,Rice husk,NR,Pyrolysis underN2 +KOH modification4h,Pyrolysis,Alkali treatment,KOH,Pyrolysis underN2 +KOH modification4h,Alkali treatment,KOH,300,Cd(II),Cd,II,Synthetic nitrate metal solution,50,2.5,NR,3,NR,20.02,NR,Pseudo-second-order,NR,NR,2,NR,NR,5,NR,NR,Pyrolysis,None reported,Alkali treatment,KOH,"molecules-30-03616.pdf; PDF p. 18, Sections 3.1-3.2"
Huang_2025,KOH-BC300,Rice husk,Rice husk,NR,Pyrolysis underN2 +KOH modification4h,Pyrolysis,Alkali treatment,KOH,Pyrolysis underN2 +KOH modification4h,Alkali treatment,KOH,300,Pb(II),Pb,II,Synthetic nitrate metal solution,50,2.5,NR,3,NR,20.07,NR,Pseudo-first-order,NR,NR,2,NR,NR,5,NR,NR,Pyrolysis,None reported,Alkali treatment,KOH,"molecules-30-03616.pdf; PDF p. 18, Sections 3.1-3.2"
Huang_2025,KOH-BC300,Rice husk,Rice husk,NR,Pyrolysis underN2 +KOH modification4h,Pyrolysis,Alkali treatment,KOH,Pyrolysis underN2 +KOH modification4h,Alkali treatment,KOH,300,Pb(II),Pb,II,Synthetic nitrate metal solution,50,2.5,NR,3,NR,20.31,NR,Pseudo-second-order,NR,NR,2,NR,NR,5,NR,NR,Pyrolysis,None reported,Alkali treatment,KOH,"molecules-30-03616.pdf; PDF p. 18, Sections 3.1-3.2"
Huang_2025,KOH-BC400,Rice husk,Rice husk,NR,Pyrolysis underN2 +KOH modification4h,Pyrolysis,Alkali treatment,KOH,Pyrolysis underN2 +KOH modification4h,Alkali treatment,KOH,400,Cd(II),Cd,II,Synthetic nitrate metal solution,50,2.5,NR,26.9,NR,19.61,NR,Pseudo-first-order,NR,NR,2,NR,NR,5,NR,NR,Pyrolysis,None reported,Alkali treatment,KOH,"molecules-30-03616.pdf; PDF p. 18, Sections 3.1-3.2"
Huang_2025,KOH-BC400,Rice husk,Rice husk,NR,Pyrolysis underN2 +KOH modification4h,Pyrolysis,Alkali treatment,KOH,Pyrolysis underN2 +KOH modification4h,Alkali treatment,KOH,400,Cd(II),Cd,II,Synthetic nitrate metal solution,50,2.5,NR,26.9,NR,19.84,NR,Pseudo-second-order,NR,NR,2,NR,NR,5,NR,NR,Pyrolysis,None reported,Alkali treatment,KOH,"molecules-30-03616.pdf; PDF p. 18, Sections 3.1-3.2"
Huang_2025,KOH-BC400,Rice husk,Rice husk,NR,Pyrolysis underN2 +KOH modification4h,Pyrolysis,Alkali treatment,KOH,Pyrolysis underN2 +KOH modification4h,Alkali treatment,KOH,400,Pb(II),Pb,II,Synthetic nitrate metal solution,50,2.5,NR,26.9,NR,20.5,NR,Pseudo-first-order,NR,NR,2,NR,NR,5,NR,NR,Pyrolysis,None reported,Alkali treatment,KOH,"molecules-30-03616.pdf; PDF p. 18, Sections 3.1-3.2"
Huang_2025,KOH-BC400,Rice husk,Rice husk,NR,Pyrolysis underN2 +KOH modification4h,Pyrolysis,Alkali treatment,KOH,Pyrolysis underN2 +KOH modification4h,Alkali treatment,KOH,400,Pb(II),Pb,II,Synthetic nitrate metal solution,50,2.5,NR,26.9,NR,20.72,NR,Pseudo-second-order,NR,NR,2,NR,NR,5,NR,NR,Pyrolysis,None reported,Alkali treatment,KOH,"molecules-30-03616.pdf; PDF p. 18, Sections 3.1-3.2"
Huang_2025,KOH-BC500,Rice husk,Rice husk,NR,Pyrolysis underN2 +KOH modification4h,Pyrolysis,Alkali treatment,KOH,Pyrolysis underN2 +KOH modification4h,Alkali treatment,KOH,500,Cd(II),Cd,II,Synthetic nitrate metal solution,50,2.5,NR,74.9,NR,19.28,NR,Pseudo-first-order,NR,NR,2,NR,NR,5,NR,NR,Pyrolysis,None reported,Alkali treatment,KOH,"molecules-30-03616.pdf; PDF p. 18, Sections 3.1-3.2"
Huang_2025,KOH-BC500,Rice husk,Rice husk,NR,Pyrolysis underN2 +KOH modification4h,Pyrolysis,Alkali treatment,KOH,Pyrolysis underN2 +KOH modification4h,Alkali treatment,KOH,500,Cd(II),Cd,II,Synthetic nitrate metal solution,50,2.5,NR,74.9,NR,19.46,NR,Pseudo-second-order,NR,NR,2,NR,NR,5,NR,NR,Pyrolysis,None reported,Alkali treatment,KOH,"molecules-30-03616.pdf; PDF p. 18, Sections 3.1-3.2"
Huang_2025,KOH-BC500,Rice husk,Rice husk,NR,Pyrolysis underN2 +KOH modification4h,Pyrolysis,Alkali treatment,KOH,Pyrolysis underN2 +KOH modification4h,Alkali treatment,KOH,500,Pb(II),Pb,II,Synthetic nitrate metal solution,50,2.5,NR,74.9,NR,19.88,NR,Pseudo-first-order,NR,NR,2,NR,NR,5,NR,NR,Pyrolysis,None reported,Alkali treatment,KOH,"molecules-30-03616.pdf; PDF p. 18, Sections 3.1-3.2"
Huang_2025,KOH-BC500,Rice husk,Rice husk,NR,Pyrolysis underN2 +KOH modification4h,Pyrolysis,Alkali treatment,KOH,Pyrolysis underN2 +KOH modification4h,Alkali treatment,KOH,500,Pb(II),Pb,II,Synthetic nitrate metal solution,50,2.5,NR,74.9,NR,20.03,NR,Pseudo-second-order,NR,NR,2,NR,NR,5,NR,NR,Pyrolysis,None reported,Alkali treatment,KOH,"molecules-30-03616.pdf; PDF p. 18, Sections 3.1-3.2"
Jandosov_2022,AC-RH,Rice husk,Rice husk,NR,KOH activation after carbonization and HCl demineralization,"Carbonisation, unspecified",Acid demineralisation; chemical activation,HCl; KOH,KOH activation after carbonization and HCl demineralization,Acid treatment,HCl; KOH,850,Pb(II),Pb,II,Simulated colonic fluid (acetate buffer pH5.8),NR,2,1440,2938,NR,42.1,NR,Pseudo-second-order,Langmuir,NR,2,NR,NR,5.8,NR,NR,Pyrolysis,Chemical activation,Acid treatment,HCl; KOH,"molecules-27-02296-v3.pdf; PDF p. 12, Section 3.2.1"
Jandosov_2022,AC-RH,Rice husk,Rice husk,NR,KOH activation after carbonization and HCl demineralization,"Carbonisation, unspecified",Acid demineralisation; chemical activation,HCl; KOH,KOH activation after carbonization and HCl demineralization,Acid treatment,HCl; KOH,850,Pb(II),Pb,II,Simulated colonic fluid (acetate buffer pH5.8),262.5,2,1440,2938,NR,NR,52.7,Pseudo-second-order,Langmuir,NR,2,NR,NR,5.8,NR,NR,Pyrolysis,Chemical activation,Acid treatment,HCl; KOH,"molecules-27-02296-v3.pdf; PDF p. 12, Section 3.2.1"
Jandosov_2022,AC-RH@pectin,Rice husk + sugar beet pulp/apple pomace pectin,Rice husk,Sugar beet pulp/apple pomace pectin,KOH-activated RH carbon shell on Ca-crosslinked pectin core,Not reported,Chemical activation; polymer functionalisation,HCl; KOH; citric acid; NaOH; pectin; CaCl2,KOH-activated RH carbon shell on Ca-crosslinked pectin core,Acid treatment; polymer functionalization,HCl; KOH; citric acid; NaOH; pectin; CaCl2,850,Pb(II),Pb,II,Simulated colonic fluid (acetate buffer pH5.8),NR,2,1440,256.8,NR,181.9,NR,Pseudo-second-order,Langmuir,NR,2,NR,NR,5.8,NR,NR,Pyrolysis; polymer extraction,Chemical activation,Acid treatment; polymer functionalization,HCl; KOH; citric acid; NaOH; pectin; CaCl2,"molecules-27-02296-v3.pdf; PDF pp. 12-13, Sections 3.2.1-3.2.4"
Jandosov_2022,AC-RH@pectin,Rice husk + sugar beet pulp/apple pomace pectin,Rice husk,Sugar beet pulp/apple pomace pectin,KOH-activated RH carbon shell on Ca-crosslinked pectin core,Not reported,Chemical activation; polymer functionalisation,HCl; KOH; citric acid; NaOH; pectin; CaCl2,KOH-activated RH carbon shell on Ca-crosslinked pectin core,Acid treatment; polymer functionalization,HCl; KOH; citric acid; NaOH; pectin; CaCl2,850,Pb(II),Pb,II,Simulated colonic fluid (acetate buffer pH5.8),262.5,2,1440,256.8,NR,NR,227.8,Pseudo-second-order,Langmuir,NR,2,NR,NR,5.8,NR,NR,Pyrolysis; polymer extraction,Chemical activation,Acid treatment; polymer functionalization,HCl; KOH; citric acid; NaOH; pectin; CaCl2,"molecules-27-02296-v3.pdf; PDF pp. 12-13, Sections 3.2.1-3.2.4"
Jandosov_2022,AC-RH,Rice husk,Rice husk,NR,KOH activation after carbonization and HCl demineralization,"Carbonisation, unspecified",Acid demineralisation; chemical activation,HCl; KOH,KOH activation after carbonization and HCl demineralization,Acid treatment,HCl; KOH,850,Pb(II),Pb,II,Simulated colonic fluid (acetate buffer pH5.8),150,2,NR,2938,NR,3.14,NR,Pseudo-first-order,NR,NR,2,NR,NR,5.8,NR,NR,Pyrolysis,Chemical activation,Acid treatment,HCl; KOH,"molecules-27-02296-v3.pdf; PDF p. 12, Section 3.2.1"
Jandosov_2022,AC-RH,Rice husk,Rice husk,NR,KOH activation after carbonization and HCl demineralization,"Carbonisation, unspecified",Acid demineralisation; chemical activation,HCl; KOH,KOH activation after carbonization and HCl demineralization,Acid treatment,HCl; KOH,850,Pb(II),Pb,II,Simulated colonic fluid (acetate buffer pH5.8),150,2,NR,2938,NR,38.8,NR,Pseudo-second-order,NR,NR,2,NR,NR,5.8,NR,NR,Pyrolysis,Chemical activation,Acid treatment,HCl; KOH,"molecules-27-02296-v3.pdf; PDF p. 12, Section 3.2.1"
Jandosov_2022,AC-RH,Rice husk,Rice husk,NR,KOH activation after carbonization and HCl demineralization,"Carbonisation, unspecified",Acid demineralisation; chemical activation,HCl; KOH,KOH activation after carbonization and HCl demineralization,Acid treatment,HCl; KOH,850,Pb(II),Pb,II,Simulated colonic fluid (acetate buffer pH5.8),150,2,NR,2938,45,NR,NR,Pseudo-second-order,NR,NR,2,NR,NR,5.8,NR,NR,Pyrolysis,Chemical activation,Acid treatment,HCl; KOH,"molecules-27-02296-v3.pdf; PDF p. 12, Section 3.2.1"
Jandosov_2022,AC-RH@pectin,Rice husk + sugar beet pulp/apple pomace pectin,Rice husk,Sugar beet pulp/apple pomace pectin,KOH-activated RH carbon shell on Ca-crosslinked pectin core,Not reported,Chemical activation; polymer functionalisation,HCl; KOH; citric acid; NaOH; pectin; CaCl2,KOH-activated RH carbon shell on Ca-crosslinked pectin core,Acid treatment; polymer functionalization,HCl; KOH; citric acid; NaOH; pectin; CaCl2,850,Pb(II),Pb,II,Simulated colonic fluid (acetate buffer pH5.8),150,2,NR,256.8,NR,3.15,NR,Pseudo-first-order,NR,NR,2,NR,NR,5.8,NR,NR,Pyrolysis; polymer extraction,Chemical activation,Acid treatment; polymer functionalization,HCl; KOH; citric acid; NaOH; pectin; CaCl2,"molecules-27-02296-v3.pdf; PDF pp. 12-13, Sections 3.2.1-3.2.4"
Jandosov_2022,AC-RH@pectin,Rice husk + sugar beet pulp/apple pomace pectin,Rice husk,Sugar beet pulp/apple pomace pectin,KOH-activated RH carbon shell on Ca-crosslinked pectin core,Not reported,Chemical activation; polymer functionalisation,HCl; KOH; citric acid; NaOH; pectin; CaCl2,KOH-activated RH carbon shell on Ca-crosslinked pectin core,Acid treatment; polymer functionalization,HCl; KOH; citric acid; NaOH; pectin; CaCl2,850,Pb(II),Pb,II,Simulated colonic fluid (acetate buffer pH5.8),150,2,NR,256.8,NR,75.59,NR,Pseudo-second-order,NR,NR,2,NR,NR,5.8,NR,NR,Pyrolysis; polymer extraction,Chemical activation,Acid treatment; polymer functionalization,HCl; KOH; citric acid; NaOH; pectin; CaCl2,"molecules-27-02296-v3.pdf; PDF pp. 12-13, Sections 3.2.1-3.2.4"
Jia_2018,RH300,Rice husk,Rice husk,NR,Pyrolysis,Pyrolysis,Not reported,Not reported,Pyrolysis,None reported,None reported,300,Cd(II),Cd,II,Synthetic aqueous Cd(NO3)2 solution,100,8,NR,78.401,54.63,NR,NR,NR,NR,NR,3,Yes,NR,5,NR,NR,Pyrolysis,None reported,None reported,None reported,"applsci-08-01019(1).pdf; PDF p. 2, Section 1.1"
Jia_2018,RH300,Rice husk,Rice husk,NR,Pyrolysis,Pyrolysis,Not reported,Not reported,Pyrolysis,None reported,None reported,300,Cd(II),Cd,II,Synthetic aqueous Cd(NO3)2 solution,100,2,1440,78.401,6.24,NR,NR,NR,NR,NR,3,Yes,NR,4,NR,NR,Pyrolysis,None reported,None reported,None reported,"applsci-08-01019(1).pdf; PDF p. 2, Section 1.1"
Jia_2018,RH300,Rice husk,Rice husk,NR,Pyrolysis,Pyrolysis,Not reported,Not reported,Pyrolysis,None reported,None reported,300,Cd(II),Cd,II,Synthetic aqueous Cd(NO3)2 solution,100,2,1440,78.401,14.15,NR,NR,NR,NR,NR,3,Yes,NR,5,NR,NR,Pyrolysis,None reported,None reported,None reported,"applsci-08-01019(1).pdf; PDF p. 2, Section 1.1"
Jia_2018,RH700,Rice husk,Rice husk,NR,Pyrolysis,Pyrolysis,Not reported,Not reported,Pyrolysis,None reported,None reported,700,Cd(II),Cd,II,Synthetic aqueous Cd(NO3)2 solution,100,8,NR,406.244,96.12,NR,NR,NR,NR,NR,3,Yes,NR,5,NR,NR,Pyrolysis,None reported,None reported,None reported,"applsci-08-01019(1).pdf; PDF p. 2, Section 1.1"
Jia_2018,RH300,Rice husk,Rice husk,NR,Pyrolysis,Pyrolysis,Not reported,Not reported,Pyrolysis,None reported,None reported,300,Cd(II),Cd,II,Synthetic aqueous Cd(NO3)2 solution,100,2,NR,78.401,NR,103.13,NR,Pseudo-second-order,NR,NR,3,Yes,NR,5,NR,NR,Pyrolysis,None reported,None reported,None reported,"applsci-08-01019(1).pdf; PDF p. 2, Section 1.1"
Jia_2018,RH400,Rice husk,Rice husk,NR,Pyrolysis,Pyrolysis,Not reported,Not reported,Pyrolysis,None reported,None reported,400,Cd(II),Cd,II,Synthetic aqueous Cd(NO3)2 solution,100,2,NR,101.295,NR,76.54,NR,Pseudo-second-order,NR,NR,3,Yes,NR,5,NR,NR,Pyrolysis,None reported,None reported,None reported,"applsci-08-01019(1).pdf; PDF p. 2, Section 1.1"
Jia_2018,RH500,Rice husk,Rice husk,NR,Pyrolysis,Pyrolysis,Not reported,Not reported,Pyrolysis,None reported,None reported,500,Cd(II),Cd,II,Synthetic aqueous Cd(NO3)2 solution,100,2,NR,292.595,NR,35.91,NR,Pseudo-second-order,NR,NR,3,Yes,NR,5,NR,NR,Pyrolysis,None reported,None reported,None reported,"applsci-08-01019(1).pdf; PDF p. 2, Section 1.1"
Jia_2018,RH600,Rice husk,Rice husk,NR,Pyrolysis,Pyrolysis,Not reported,Not reported,Pyrolysis,None reported,None reported,600,Cd(II),Cd,II,Synthetic aqueous Cd(NO3)2 solution,100,2,NR,377.717,NR,22.62,NR,Pseudo-second-order,NR,NR,3,Yes,NR,5,NR,NR,Pyrolysis,None reported,None reported,None reported,"applsci-08-01019(1).pdf; PDF p. 2, Section 1.1"
Jia_2018,RH700,Rice husk,Rice husk,NR,Pyrolysis,Pyrolysis,Not reported,Not reported,Pyrolysis,None reported,None reported,700,Cd(II),Cd,II,Synthetic aqueous Cd(NO3)2 solution,100,2,NR,406.244,NR,26.66,NR,Pseudo-second-order,NR,NR,3,Yes,NR,5,NR,NR,Pyrolysis,None reported,None reported,None reported,"applsci-08-01019(1).pdf; PDF p. 2, Section 1.1"
Khan_2025,KMRHC,Rice husk,Rice husk,NR,KOH modification + heat treatment,"Thermal treatment, unspecified",Alkali treatment,KOH; Unspecified dilute acids/bases (washing); HCl (post-activation washing),KOH modification + heat treatment,Acid treatment; alkali treatment,KOH; dilute acids/bases (identities not assigned in washing step); HCl (post-activation wash),450,Pb(II),Pb,II,Synthetic aqueous solution,250,2,50,2.468,95.9,119,NR,NR,NR,NR,NR,NR,Yes,NR,NR,NR,Pyrolysis,Chemical activation,Acid treatment; alkali treatment,KOH; dilute acids/bases (identities not assigned in washing step); HCl (post-activation wash),"Preparation of KOH-Modified Rice Husk Char via Heat Treatment for Effective Removal of Pb2.pdf; PDF p. 3, Section 2.2"
Khan_2025,KMRHC,Rice husk,Rice husk,NR,KOH modification + heat treatment,"Thermal treatment, unspecified",Alkali treatment,KOH; Unspecified dilute acids/bases (washing); HCl (post-activation washing),KOH modification + heat treatment,Acid treatment; alkali treatment,KOH; dilute acids/bases (identities not assigned in washing step); HCl (post-activation wash),450,Pb(II),Pb,II,Synthetic aqueous solution,250,1,50,2.468,NR,172,NR,NR,NR,NR,NR,NR,Yes,NR,NR,NR,Pyrolysis,Chemical activation,Acid treatment; alkali treatment,KOH; dilute acids/bases (identities not assigned in washing step); HCl (post-activation wash),"Preparation of KOH-Modified Rice Husk Char via Heat Treatment for Effective Removal of Pb2.pdf; PDF p. 3, Section 2.2"
Khan_2025,KMRHC,Rice husk,Rice husk,NR,KOH modification + heat treatment,"Thermal treatment, unspecified",Alkali treatment,KOH; Unspecified dilute acids/bases (washing); HCl (post-activation washing),KOH modification + heat treatment,Acid treatment; alkali treatment,KOH; dilute acids/bases (identities not assigned in washing step); HCl (post-activation wash),450,Pb(II),Pb,II,Synthetic aqueous solution,300,2,50,2.468,NR,138.7,NR,NR,NR,NR,NR,NR,Yes,NR,NR,NR,Pyrolysis,Chemical activation,Acid treatment; alkali treatment,KOH; dilute acids/bases (identities not assigned in washing step); HCl (post-activation wash),"Preparation of KOH-Modified Rice Husk Char via Heat Treatment for Effective Removal of Pb2.pdf; PDF p. 3, Section 2.2"
Khan_2025,KMRHC,Rice husk,Rice husk,NR,KOH modification + heat treatment,"Thermal treatment, unspecified",Alkali treatment,KOH; Unspecified dilute acids/bases (washing); HCl (post-activation washing),KOH modification + heat treatment,Acid treatment; alkali treatment,KOH; dilute acids/bases (identities not assigned in washing step); HCl (post-activation wash),450,Pb(II),Pb,II,Synthetic aqueous solution,50,2,50,2.468,98.7,NR,NR,NR,NR,NR,NR,NR,Yes,NR,NR,NR,Pyrolysis,Chemical activation,Acid treatment; alkali treatment,KOH; dilute acids/bases (identities not assigned in washing step); HCl (post-activation wash),"Preparation of KOH-Modified Rice Husk Char via Heat Treatment for Effective Removal of Pb2.pdf; PDF p. 3, Section 2.2"
Khan_2025,KMRHC,Rice husk,Rice husk,NR,KOH modification + heat treatment,"Thermal treatment, unspecified",Alkali treatment,KOH; Unspecified dilute acids/bases (washing); HCl (post-activation washing),KOH modification + heat treatment,Acid treatment; alkali treatment,KOH; dilute acids/bases (identities not assigned in washing step); HCl (post-activation wash),450,Pb(II),Pb,II,Synthetic aqueous solution,175,2,50,2.468,NR,NR,160,NR,Langmuir,NR,NR,NR,Yes,NR,NR,NR,Pyrolysis,Chemical activation,Acid treatment; alkali treatment,KOH; dilute acids/bases (identities not assigned in washing step); HCl (post-activation wash),"Preparation of KOH-Modified Rice Husk Char via Heat Treatment for Effective Removal of Pb2.pdf; PDF p. 3, Section 2.2"
Khan_2025,KMRHC,Rice husk,Rice husk,NR,KOH modification + heat treatment,"Thermal treatment, unspecified",Alkali treatment,KOH; Unspecified dilute acids/bases (washing); HCl (post-activation washing),KOH modification + heat treatment,Acid treatment; alkali treatment,KOH; dilute acids/bases (identities not assigned in washing step); HCl (post-activation wash),450,Pb(II),Pb,II,Synthetic aqueous solution,250,2,NR,2.468,NR,117,NR,Pseudo-first-order,NR,NR,NR,NR,Yes,NR,NR,NR,Pyrolysis,Chemical activation,Acid treatment; alkali treatment,KOH; dilute acids/bases (identities not assigned in washing step); HCl (post-activation wash),"Preparation of KOH-Modified Rice Husk Char via Heat Treatment for Effective Removal of Pb2.pdf; PDF p. 3, Section 2.2"
Khan_2025,KMRHC,Rice husk,Rice husk,NR,KOH modification + heat treatment,"Thermal treatment, unspecified",Alkali treatment,KOH; Unspecified dilute acids/bases (washing); HCl (post-activation washing),KOH modification + heat treatment,Acid treatment; alkali treatment,KOH; dilute acids/bases (identities not assigned in washing step); HCl (post-activation wash),450,Pb(II),Pb,II,Synthetic aqueous solution,250,2,NR,2.468,NR,126,NR,Pseudo-second-order,NR,NR,NR,NR,Yes,NR,NR,NR,Pyrolysis,Chemical activation,Acid treatment; alkali treatment,KOH; dilute acids/bases (identities not assigned in washing step); HCl (post-activation wash),"Preparation of KOH-Modified Rice Husk Char via Heat Treatment for Effective Removal of Pb2.pdf; PDF p. 3, Section 2.2"
Khokhlov_2022,Bagasse_BC,Sugarcane bagasse,Sugarcane bagasse,NR,Pyrolysis,Pyrolysis,Not reported,Not reported,Pyrolysis,None reported,None reported,NR,Cd(II),Cd,II,Synthetic aqueous metal chloride solution,6,20,NR,435,23.2,NR,NR,NR,NR,NR,NR,NR,NR,2,NR,NR,Pyrolysis,None reported,None reported,None reported,"262094-Article Text-614580-1-10-20221030(1).pdf; PDF pp. 2-4, Experimental part and modification procedures"
Khokhlov_2022,Bagasse_BC,Sugarcane bagasse,Sugarcane bagasse,NR,Pyrolysis,Pyrolysis,Not reported,Not reported,Pyrolysis,None reported,None reported,NR,Cd(II),Cd,II,Synthetic aqueous metal chloride solution,6,20,NR,435,23.1,NR,NR,NR,NR,NR,NR,NR,NR,4,NR,NR,Pyrolysis,None reported,None reported,None reported,"262094-Article Text-614580-1-10-20221030(1).pdf; PDF pp. 2-4, Experimental part and modification procedures"
Khokhlov_2022,Bagasse_BC,Sugarcane bagasse,Sugarcane bagasse,NR,Pyrolysis,Pyrolysis,Not reported,Not reported,Pyrolysis,None reported,None reported,NR,Cd(II),Cd,II,Synthetic aqueous metal chloride solution,6,20,NR,435,32.3,NR,NR,NR,NR,NR,NR,NR,NR,5,NR,NR,Pyrolysis,None reported,None reported,None reported,"262094-Article Text-614580-1-10-20221030(1).pdf; PDF pp. 2-4, Experimental part and modification procedures"
Khokhlov_2022,Bagasse_BC,Sugarcane bagasse,Sugarcane bagasse,NR,Pyrolysis,Pyrolysis,Not reported,Not reported,Pyrolysis,None reported,None reported,NR,Cd(II),Cd,II,Synthetic aqueous metal chloride solution,6,20,NR,435,22.7,NR,NR,NR,NR,NR,NR,NR,NR,6,NR,NR,Pyrolysis,None reported,None reported,None reported,"262094-Article Text-614580-1-10-20221030(1).pdf; PDF pp. 2-4, Experimental part and modification procedures"
Khokhlov_2022,Bagasse_BC,Sugarcane bagasse,Sugarcane bagasse,NR,Pyrolysis,Pyrolysis,Not reported,Not reported,Pyrolysis,None reported,None reported,NR,Cd(II),Cd,II,Synthetic aqueous metal chloride solution,6,20,NR,435,19.3,NR,NR,NR,NR,NR,NR,NR,NR,7,NR,NR,Pyrolysis,None reported,None reported,None reported,"262094-Article Text-614580-1-10-20221030(1).pdf; PDF pp. 2-4, Experimental part and modification procedures"
Khokhlov_2022,Bagasse_BC,Sugarcane bagasse,Sugarcane bagasse,NR,Pyrolysis,Pyrolysis,Not reported,Not reported,Pyrolysis,None reported,None reported,NR,Pb(II),Pb,II,Synthetic aqueous metal chloride solution,NR,NR,NR,435,37.4,NR,NR,NR,NR,NR,NR,NR,NR,NR,NR,NR,Pyrolysis,None reported,None reported,None reported,"262094-Article Text-614580-1-10-20221030(1).pdf; PDF pp. 2-4, Experimental part and modification procedures"
Khokhlov_2022,Bagasse_BC_SRB,Sugarcane bagasse,Sugarcane bagasse,NR,Pyrolysis + sulfate-reducing bacteria immobilization,Pyrolysis,Biological modification,Sulfate-reducing bacteria,Pyrolysis + sulfate-reducing bacteria immobilization,Biological modification,Sulfate-reducing bacteria,NR,Cd(II),Cd,II,Synthetic aqueous metal chloride solution,6,20,NR,411.5,69.8,NR,NR,NR,NR,NR,NR,NR,NR,2,NR,NR,Pyrolysis,None reported,Biological modification,Sulfate-reducing bacteria,"262094-Article Text-614580-1-10-20221030(1).pdf; PDF pp. 2-4, Experimental part and modification procedures"
Khokhlov_2022,Bagasse_BC_SRB,Sugarcane bagasse,Sugarcane bagasse,NR,Pyrolysis + sulfate-reducing bacteria immobilization,Pyrolysis,Biological modification,Sulfate-reducing bacteria,Pyrolysis + sulfate-reducing bacteria immobilization,Biological modification,Sulfate-reducing bacteria,NR,Cd(II),Cd,II,Synthetic aqueous metal chloride solution,6,20,NR,411.5,87.6,NR,NR,NR,NR,NR,NR,NR,NR,4,NR,NR,Pyrolysis,None reported,Biological modification,Sulfate-reducing bacteria,"262094-Article Text-614580-1-10-20221030(1).pdf; PDF pp. 2-4, Experimental part and modification procedures"
Khokhlov_2022,Bagasse_BC_SRB,Sugarcane bagasse,Sugarcane bagasse,NR,Pyrolysis + sulfate-reducing bacteria immobilization,Pyrolysis,Biological modification,Sulfate-reducing bacteria,Pyrolysis + sulfate-reducing bacteria immobilization,Biological modification,Sulfate-reducing bacteria,NR,Cd(II),Cd,II,Synthetic aqueous metal chloride solution,6,20,NR,411.5,92,NR,NR,NR,NR,NR,NR,NR,NR,5,NR,NR,Pyrolysis,None reported,Biological modification,Sulfate-reducing bacteria,"262094-Article Text-614580-1-10-20221030(1).pdf; PDF pp. 2-4, Experimental part and modification procedures"
Khokhlov_2022,Bagasse_BC_SRB,Sugarcane bagasse,Sugarcane bagasse,NR,Pyrolysis + sulfate-reducing bacteria immobilization,Pyrolysis,Biological modification,Sulfate-reducing bacteria,Pyrolysis + sulfate-reducing bacteria immobilization,Biological modification,Sulfate-reducing bacteria,NR,Cd(II),Cd,II,Synthetic aqueous metal chloride solution,6,20,NR,411.5,87.4,NR,NR,NR,NR,NR,NR,NR,NR,6,NR,NR,Pyrolysis,None reported,Biological modification,Sulfate-reducing bacteria,"262094-Article Text-614580-1-10-20221030(1).pdf; PDF pp. 2-4, Experimental part and modification procedures"
Khokhlov_2022,Bagasse_BC_SRB,Sugarcane bagasse,Sugarcane bagasse,NR,Pyrolysis + sulfate-reducing bacteria immobilization,Pyrolysis,Biological modification,Sulfate-reducing bacteria,Pyrolysis + sulfate-reducing bacteria immobilization,Biological modification,Sulfate-reducing bacteria,NR,Cd(II),Cd,II,Synthetic aqueous metal chloride solution,6,20,NR,411.5,83.2,NR,NR,NR,NR,NR,NR,NR,NR,7,NR,NR,Pyrolysis,None reported,Biological modification,Sulfate-reducing bacteria,"262094-Article Text-614580-1-10-20221030(1).pdf; PDF pp. 2-4, Experimental part and modification procedures"
Khokhlov_2022,Bagasse_BC_SRB,Sugarcane bagasse,Sugarcane bagasse,NR,Pyrolysis + sulfate-reducing bacteria immobilization,Pyrolysis,Biological modification,Sulfate-reducing bacteria,Pyrolysis + sulfate-reducing bacteria immobilization,Biological modification,Sulfate-reducing bacteria,NR,Pb(II),Pb,II,Synthetic aqueous metal chloride solution,NR,NR,NR,411.5,94.6,NR,NR,NR,NR,NR,NR,NR,NR,NR,NR,NR,Pyrolysis,None reported,Biological modification,Sulfate-reducing bacteria,"262094-Article Text-614580-1-10-20221030(1).pdf; PDF pp. 2-4, Experimental part and modification procedures"
Khokhlov_2022,Bagasse_raw,Sugarcane bagasse,Sugarcane bagasse,NR,None (raw),Raw material,None,None,None (raw),None reported,None reported,NA,Cd(II),Cd,II,Synthetic aqueous metal chloride solution,NR,NR,NR,2,19.1,NR,NR,NR,NR,NR,NR,NR,NR,NR,NR,NR,Uncarbonized biomass,None reported,None reported,None reported,"262094-Article Text-614580-1-10-20221030(1).pdf; PDF pp. 2-4, Experimental part and modification procedures"
Khokhlov_2022,Bagasse_raw,Sugarcane bagasse,Sugarcane bagasse,NR,None (raw),Raw material,None,None,None (raw),None reported,None reported,NA,Pb(II),Pb,II,Synthetic aqueous metal chloride solution,NR,NR,NR,2,17.2,NR,NR,NR,NR,NR,NR,NR,NR,NR,NR,NR,Uncarbonized biomass,None reported,None reported,None reported,"262094-Article Text-614580-1-10-20221030(1).pdf; PDF pp. 2-4, Experimental part and modification procedures"
Khokhlov_2022,Bagasse_SBC,Sugarcane bagasse,Sugarcane bagasse,NR,One-stage pyrolysis + Na2S2O3,Pyrolysis,Sulfur functionalisation,Na2S2O3,One-stage pyrolysis + Na2S2O3,Sulfur functionalization,Na2S2O3,400,Cd(II),Cd,II,Synthetic aqueous metal chloride solution,6,20,NR,404.5,77.5,NR,NR,NR,NR,NR,NR,NR,NR,2,NR,NR,Pyrolysis,None reported,Sulfur functionalization,Na2S2O3,"262094-Article Text-614580-1-10-20221030(1).pdf; PDF pp. 2-4, Experimental part and modification procedures"
Khokhlov_2022,Bagasse_SBC,Sugarcane bagasse,Sugarcane bagasse,NR,One-stage pyrolysis + Na2S2O3,Pyrolysis,Sulfur functionalisation,Na2S2O3,One-stage pyrolysis + Na2S2O3,Sulfur functionalization,Na2S2O3,400,Cd(II),Cd,II,Synthetic aqueous metal chloride solution,6,20,NR,404.5,87.6,NR,NR,NR,NR,NR,NR,NR,NR,4,NR,NR,Pyrolysis,None reported,Sulfur functionalization,Na2S2O3,"262094-Article Text-614580-1-10-20221030(1).pdf; PDF pp. 2-4, Experimental part and modification procedures"
Khokhlov_2022,Bagasse_SBC,Sugarcane bagasse,Sugarcane bagasse,NR,One-stage pyrolysis + Na2S2O3,Pyrolysis,Sulfur functionalisation,Na2S2O3,One-stage pyrolysis + Na2S2O3,Sulfur functionalization,Na2S2O3,400,Cd(II),Cd,II,Synthetic aqueous metal chloride solution,6,20,NR,404.5,95,NR,NR,NR,NR,NR,NR,NR,NR,5,NR,NR,Pyrolysis,None reported,Sulfur functionalization,Na2S2O3,"262094-Article Text-614580-1-10-20221030(1).pdf; PDF pp. 2-4, Experimental part and modification procedures"
Khokhlov_2022,Bagasse_SBC,Sugarcane bagasse,Sugarcane bagasse,NR,One-stage pyrolysis + Na2S2O3,Pyrolysis,Sulfur functionalisation,Na2S2O3,One-stage pyrolysis + Na2S2O3,Sulfur functionalization,Na2S2O3,400,Cd(II),Cd,II,Synthetic aqueous metal chloride solution,6,20,NR,404.5,88.5,NR,NR,NR,NR,NR,NR,NR,NR,6,NR,NR,Pyrolysis,None reported,Sulfur functionalization,Na2S2O3,"262094-Article Text-614580-1-10-20221030(1).pdf; PDF pp. 2-4, Experimental part and modification procedures"
Khokhlov_2022,Bagasse_SBC,Sugarcane bagasse,Sugarcane bagasse,NR,One-stage pyrolysis + Na2S2O3,Pyrolysis,Sulfur functionalisation,Na2S2O3,One-stage pyrolysis + Na2S2O3,Sulfur functionalization,Na2S2O3,400,Cd(II),Cd,II,Synthetic aqueous metal chloride solution,6,20,NR,404.5,87.1,NR,NR,NR,NR,NR,NR,NR,NR,7,NR,NR,Pyrolysis,None reported,Sulfur functionalization,Na2S2O3,"262094-Article Text-614580-1-10-20221030(1).pdf; PDF pp. 2-4, Experimental part and modification procedures"
Khokhlov_2022,Bagasse_SBC,Sugarcane bagasse,Sugarcane bagasse,NR,One-stage pyrolysis + Na2S2O3,Pyrolysis,Sulfur functionalisation,Na2S2O3,One-stage pyrolysis + Na2S2O3,Sulfur functionalization,Na2S2O3,400,Cd(II),Cd,II,Synthetic aqueous metal chloride solution,NR,NR,NR,404.5,NR,29,NR,NR,NR,NR,NR,NR,NR,NR,NR,NR,Pyrolysis,None reported,Sulfur functionalization,Na2S2O3,"262094-Article Text-614580-1-10-20221030(1).pdf; PDF pp. 2-4, Experimental part and modification procedures"
Khokhlov_2022,Bagasse_SBC,Sugarcane bagasse,Sugarcane bagasse,NR,One-stage pyrolysis + Na2S2O3,Pyrolysis,Sulfur functionalisation,Na2S2O3,One-stage pyrolysis + Na2S2O3,Sulfur functionalization,Na2S2O3,400,Pb(II),Pb,II,Synthetic aqueous metal chloride solution,NR,NR,NR,404.5,96.3,NR,NR,NR,NR,NR,NR,NR,NR,NR,NR,NR,Pyrolysis,None reported,Sulfur functionalization,Na2S2O3,"262094-Article Text-614580-1-10-20221030(1).pdf; PDF pp. 2-4, Experimental part and modification procedures"
Khokhlov_2022,Bagasse_SBC,Sugarcane bagasse,Sugarcane bagasse,NR,One-stage pyrolysis + Na2S2O3,Pyrolysis,Sulfur functionalisation,Na2S2O3,One-stage pyrolysis + Na2S2O3,Sulfur functionalization,Na2S2O3,400,Pb(II),Pb,II,Synthetic aqueous metal chloride solution,NR,NR,NR,404.5,NR,37,NR,NR,NR,NR,NR,NR,NR,NR,NR,NR,Pyrolysis,None reported,Sulfur functionalization,Na2S2O3,"262094-Article Text-614580-1-10-20221030(1).pdf; PDF pp. 2-4, Experimental part and modification procedures"
Khokhlov_2024,Bagasse_BC,Sugarcane bagasse,Sugarcane bagasse,NR,Pyrolysis,Pyrolysis,Not reported,Not reported,Pyrolysis,None reported,None reported,NR,Cd(II),Cd,II,Synthetic aqueous metal chloride solution,NR,NR,NR,417,32.3,NR,NR,NR,NR,NR,NR,NR,NR,NR,NR,NR,Pyrolysis,None reported,None reported,None reported,"298468-Article Text-711424-1-10-20240709(1).pdf; PDF pp. 2-4, Experimental part and modification procedures"
Khokhlov_2024,Bagasse_BC,Sugarcane bagasse,Sugarcane bagasse,NR,Pyrolysis,Pyrolysis,Not reported,Not reported,Pyrolysis,None reported,None reported,NR,Pb(II),Pb,II,Synthetic aqueous metal chloride solution,NR,NR,NR,417,37.4,NR,NR,NR,NR,NR,NR,NR,NR,NR,NR,NR,Pyrolysis,None reported,None reported,None reported,"298468-Article Text-711424-1-10-20240709(1).pdf; PDF pp. 2-4, Experimental part and modification procedures"
Khokhlov_2024,Bagasse_BC_SRB,Sugarcane bagasse,Sugarcane bagasse,NR,Pyrolysis + sulfate-reducing bacteria immobilization,Pyrolysis,Biological modification,Sulfate-reducing bacteria,Pyrolysis + sulfate-reducing bacteria immobilization,Biological modification,Sulfate-reducing bacteria,NR,Cd(II),Cd,II,Synthetic aqueous metal chloride solution,NR,NR,NR,NR,92,NR,NR,NR,NR,NR,NR,NR,NR,NR,NR,NR,Pyrolysis,None reported,Biological modification,Sulfate-reducing bacteria,"298468-Article Text-711424-1-10-20240709(1).pdf; PDF pp. 2-4, Experimental part and modification procedures"
Khokhlov_2024,Bagasse_BC_SRB,Sugarcane bagasse,Sugarcane bagasse,NR,Pyrolysis + sulfate-reducing bacteria immobilization,Pyrolysis,Biological modification,Sulfate-reducing bacteria,Pyrolysis + sulfate-reducing bacteria immobilization,Biological modification,Sulfate-reducing bacteria,NR,Pb(II),Pb,II,Synthetic aqueous metal chloride solution,NR,NR,NR,NR,94.6,NR,NR,NR,NR,NR,NR,NR,NR,NR,NR,NR,Pyrolysis,None reported,Biological modification,Sulfate-reducing bacteria,"298468-Article Text-711424-1-10-20240709(1).pdf; PDF pp. 2-4, Experimental part and modification procedures"
Khokhlov_2024,Bagasse_raw,Sugarcane bagasse,Sugarcane bagasse,NR,None (raw),Raw material,None,None,None (raw),None reported,None reported,NA,Cd(II),Cd,II,Synthetic aqueous metal chloride solution,NR,NR,NR,2,19.1,NR,NR,NR,NR,NR,NR,NR,NR,NR,NR,NR,Uncarbonized biomass,None reported,None reported,None reported,"298468-Article Text-711424-1-10-20240709(1).pdf; PDF pp. 2-4, Experimental part and modification procedures"
Khokhlov_2024,Bagasse_raw,Sugarcane bagasse,Sugarcane bagasse,NR,None (raw),Raw material,None,None,None (raw),None reported,None reported,NA,Pb(II),Pb,II,Synthetic aqueous metal chloride solution,NR,NR,NR,2,17.2,NR,NR,NR,NR,NR,NR,NR,NR,NR,NR,NR,Uncarbonized biomass,None reported,None reported,None reported,"298468-Article Text-711424-1-10-20240709(1).pdf; PDF pp. 2-4, Experimental part and modification procedures"
Khokhlov_2024,Bagasse_SBC,Sugarcane bagasse,Sugarcane bagasse,NR,One-stage pyrolysis + Na2S2O3,Pyrolysis,Sulfur functionalisation,Na2S2O3,One-stage pyrolysis + Na2S2O3,Sulfur functionalization,Na2S2O3,375,Cd(II),Cd,II,Synthetic aqueous metal chloride solution,NR,NR,NR,398,95,NR,NR,NR,NR,NR,NR,NR,NR,NR,NR,NR,Pyrolysis,None reported,Sulfur functionalization,Na2S2O3,"298468-Article Text-711424-1-10-20240709(1).pdf; PDF pp. 2-4, Experimental part and modification procedures"
Khokhlov_2024,Bagasse_SBC,Sugarcane bagasse,Sugarcane bagasse,NR,One-stage pyrolysis + Na2S2O3,Pyrolysis,Sulfur functionalisation,Na2S2O3,One-stage pyrolysis + Na2S2O3,Sulfur functionalization,Na2S2O3,375,Pb(II),Pb,II,Synthetic aqueous metal chloride solution,NR,NR,NR,398,96.3,NR,NR,NR,NR,NR,NR,NR,NR,NR,NR,NR,Pyrolysis,None reported,Sulfur functionalization,Na2S2O3,"298468-Article Text-711424-1-10-20240709(1).pdf; PDF pp. 2-4, Experimental part and modification procedures"
Khokhlov_2024,Rice_husk_BC,Rice husk,Rice husk,NR,Pyrolysis,Pyrolysis,Not reported,Not reported,Pyrolysis,None reported,None reported,NR,Cd(II),Cd,II,Synthetic aqueous metal chloride solution,NR,NR,NR,490,34.1,NR,NR,NR,NR,NR,NR,NR,NR,NR,NR,NR,Pyrolysis,None reported,None reported,None reported,"298468-Article Text-711424-1-10-20240709(1).pdf; PDF pp. 2-4, Experimental part and modification procedures"
Khokhlov_2024,Rice_husk_BC,Rice husk,Rice husk,NR,Pyrolysis,Pyrolysis,Not reported,Not reported,Pyrolysis,None reported,None reported,NR,Pb(II),Pb,II,Synthetic aqueous metal chloride solution,NR,NR,NR,490,46.1,NR,NR,NR,NR,NR,NR,NR,NR,NR,NR,NR,Pyrolysis,None reported,None reported,None reported,"298468-Article Text-711424-1-10-20240709(1).pdf; PDF pp. 2-4, Experimental part and modification procedures"
Khokhlov_2024,Rice_husk_BC_SRB,Rice husk,Rice husk,NR,Pyrolysis + sulfate-reducing bacteria immobilization,Pyrolysis,Biological modification,Sulfate-reducing bacteria,Pyrolysis + sulfate-reducing bacteria immobilization,Biological modification,Sulfate-reducing bacteria,NR,Cd(II),Cd,II,Synthetic aqueous metal chloride solution,NR,NR,NR,NR,90.1,NR,NR,NR,NR,NR,NR,NR,NR,NR,NR,NR,Pyrolysis,None reported,Biological modification,Sulfate-reducing bacteria,"298468-Article Text-711424-1-10-20240709(1).pdf; PDF pp. 2-4, Experimental part and modification procedures"
Khokhlov_2024,Rice_husk_BC_SRB,Rice husk,Rice husk,NR,Pyrolysis + sulfate-reducing bacteria immobilization,Pyrolysis,Biological modification,Sulfate-reducing bacteria,Pyrolysis + sulfate-reducing bacteria immobilization,Biological modification,Sulfate-reducing bacteria,NR,Pb(II),Pb,II,Synthetic aqueous metal chloride solution,NR,NR,NR,NR,NR,NR,NR,NR,NR,NR,NR,NR,NR,NR,NR,NR,Pyrolysis,None reported,Biological modification,Sulfate-reducing bacteria,"298468-Article Text-711424-1-10-20240709(1).pdf; PDF pp. 2-4, Experimental part and modification procedures"
Khokhlov_2024,Rice_husk_raw,Rice husk,Rice husk,NR,None (raw),Raw material,None,None,None (raw),None reported,None reported,NA,Cd(II),Cd,II,Synthetic aqueous metal chloride solution,NR,NR,NR,9,17.4,NR,NR,NR,NR,NR,NR,NR,NR,NR,NR,NR,Uncarbonized biomass,None reported,None reported,None reported,"298468-Article Text-711424-1-10-20240709(1).pdf; PDF pp. 2-4, Experimental part and modification procedures"
Khokhlov_2024,Rice_husk_raw,Rice husk,Rice husk,NR,None (raw),Raw material,None,None,None (raw),None reported,None reported,NA,Pb(II),Pb,II,Synthetic aqueous metal chloride solution,NR,NR,NR,9,16.1,NR,NR,NR,NR,NR,NR,NR,NR,NR,NR,NR,Uncarbonized biomass,None reported,None reported,None reported,"298468-Article Text-711424-1-10-20240709(1).pdf; PDF pp. 2-4, Experimental part and modification procedures"
Khokhlov_2024,Rice_husk_SBC,Rice husk,Rice husk,NR,One-stage pyrolysis + Na2S2O3,Pyrolysis,Sulfur functionalisation,Na2S2O3,One-stage pyrolysis + Na2S2O3,Sulfur functionalization,Na2S2O3,375,Cd(II),Cd,II,Synthetic aqueous metal chloride solution,NR,NR,NR,504.5,92.6,NR,NR,NR,NR,NR,NR,NR,NR,NR,NR,NR,Pyrolysis,None reported,Sulfur functionalization,Na2S2O3,"298468-Article Text-711424-1-10-20240709(1).pdf; PDF pp. 2-4, Experimental part and modification procedures"
Khokhlov_2024,Rice_husk_SBC,Rice husk,Rice husk,NR,One-stage pyrolysis + Na2S2O3,Pyrolysis,Sulfur functionalisation,Na2S2O3,One-stage pyrolysis + Na2S2O3,Sulfur functionalization,Na2S2O3,375,Pb(II),Pb,II,Synthetic aqueous metal chloride solution,NR,NR,NR,504.5,88.2,NR,NR,NR,NR,NR,NR,NR,NR,NR,NR,NR,Pyrolysis,None reported,Sulfur functionalization,Na2S2O3,"298468-Article Text-711424-1-10-20240709(1).pdf; PDF pp. 2-4, Experimental part and modification procedures"
Li_2022,R300,Rice husk,Rice husk,NR,HCl pretreatment + pyrolysis,Pyrolysis,Acid pretreatment,HCl,HCl pretreatment + pyrolysis,Acid treatment,HCl,300,Cd(II),Cd,II,Synthetic aqueous solution,255,NR,360,64.78,NR,NR,4.15,NR,Langmuir,NR,NR,NR,NR,NR,NR,NR,Pyrolysis,None reported,Acid treatment,HCl,"plants-11-03234.pdf; PDF p. 2, Section 2.1"
Li_2022,R500,Rice husk,Rice husk,NR,HCl pretreatment + pyrolysis,Pyrolysis,Acid pretreatment,HCl,HCl pretreatment + pyrolysis,Acid treatment,HCl,500,Cd(II),Cd,II,Synthetic aqueous solution,255,NR,360,257.5,NR,NR,58.5,NR,Langmuir,NR,NR,NR,NR,NR,NR,NR,Pyrolysis,None reported,Acid treatment,HCl,"plants-11-03234.pdf; PDF p. 2, Section 2.1"
Li_2022,R700,Rice husk,Rice husk,NR,HCl pretreatment + pyrolysis,Pyrolysis,Acid pretreatment,HCl,HCl pretreatment + pyrolysis,Acid treatment,HCl,700,Cd(II),Cd,II,Synthetic aqueous solution,255,NR,360,330,NR,NR,67.7,NR,Langmuir,NR,NR,NR,NR,NR,NR,NR,Pyrolysis,None reported,Acid treatment,HCl,"plants-11-03234.pdf; PDF p. 2, Section 2.1"
Li_2022,R300,Rice husk,Rice husk,NR,HCl pretreatment + pyrolysis,Pyrolysis,Acid pretreatment,HCl,HCl pretreatment + pyrolysis,Acid treatment,HCl,300,Cd(II),Cd,II,Synthetic aqueous solution,100,NR,NR,64.78,NR,7.57,NR,Pseudo-first-order,NR,NR,3,NR,NR,NR,NR,NR,Pyrolysis,None reported,Acid treatment,HCl,"plants-11-03234.pdf; PDF p. 2, Section 2.1"
Li_2022,R300,Rice husk,Rice husk,NR,HCl pretreatment + pyrolysis,Pyrolysis,Acid pretreatment,HCl,HCl pretreatment + pyrolysis,Acid treatment,HCl,300,Cd(II),Cd,II,Synthetic aqueous solution,100,NR,NR,64.78,NR,8.36,NR,Pseudo-second-order,NR,NR,3,NR,NR,NR,NR,NR,Pyrolysis,None reported,Acid treatment,HCl,"plants-11-03234.pdf; PDF p. 2, Section 2.1"
Li_2022,R500,Rice husk,Rice husk,NR,HCl pretreatment + pyrolysis,Pyrolysis,Acid pretreatment,HCl,HCl pretreatment + pyrolysis,Acid treatment,HCl,500,Cd(II),Cd,II,Synthetic aqueous solution,100,NR,NR,257.5,NR,44.15,NR,Pseudo-first-order,NR,NR,3,NR,NR,NR,NR,NR,Pyrolysis,None reported,Acid treatment,HCl,"plants-11-03234.pdf; PDF p. 2, Section 2.1"
Li_2022,R500,Rice husk,Rice husk,NR,HCl pretreatment + pyrolysis,Pyrolysis,Acid pretreatment,HCl,HCl pretreatment + pyrolysis,Acid treatment,HCl,500,Cd(II),Cd,II,Synthetic aqueous solution,100,NR,NR,257.5,NR,43.45,NR,Pseudo-second-order,NR,NR,3,NR,NR,NR,NR,NR,Pyrolysis,None reported,Acid treatment,HCl,"plants-11-03234.pdf; PDF p. 2, Section 2.1"
Li_2022,R700,Rice husk,Rice husk,NR,HCl pretreatment + pyrolysis,Pyrolysis,Acid pretreatment,HCl,HCl pretreatment + pyrolysis,Acid treatment,HCl,700,Cd(II),Cd,II,Synthetic aqueous solution,100,NR,NR,330,NR,45.28,NR,Pseudo-first-order,NR,NR,3,NR,NR,NR,NR,NR,Pyrolysis,None reported,Acid treatment,HCl,"plants-11-03234.pdf; PDF p. 2, Section 2.1"
Li_2022,R700,Rice husk,Rice husk,NR,HCl pretreatment + pyrolysis,Pyrolysis,Acid pretreatment,HCl,HCl pretreatment + pyrolysis,Acid treatment,HCl,700,Cd(II),Cd,II,Synthetic aqueous solution,100,NR,NR,330,NR,48.27,NR,Pseudo-second-order,NR,NR,3,NR,NR,NR,NR,NR,Pyrolysis,None reported,Acid treatment,HCl,"plants-11-03234.pdf; PDF p. 2, Section 2.1"
Malool_2021,ABG,Sugarcane bagasse,Sugarcane bagasse,NR,KOH modification at ambient temperature,Not reported,Alkali treatment,KOH,KOH modification at ambient temperature,Alkali treatment,KOH,NA,Pb(II),Pb,II,Distilled water; synthetic Pb solution,200,1,1440,NR,NR,28.46,NR,NR,NR,NR,3,NR,NR,6,SD,1.87,Uncarbonized biomass,None reported,Alkali treatment,KOH,"41598_2021_Article_1825(1).pdf; PDF p. 13, Synthesis of bagasse based hydrochar adsorbent; material comparison on pp. 2-3"
Malool_2021,AHCop,Sugarcane bagasse,Sugarcane bagasse,NR,Hydrothermal carbonization with ZnCl2 + ambient KOH modification,Hydrothermal carbonisation,Alkali treatment,ZnCl2 (hydrothermal carbonisation catalyst); KOH,Hydrothermal carbonization with ZnCl2 + ambient KOH modification,Alkali treatment,ZnCl2 (HTC catalyst); KOH,180,Pb(II),Pb,II,Distilled water; synthetic Pb solution,200,1,1440,5.99,NR,92.24,NR,NR,NR,NR,3,NR,NR,6,SD,3.41,Hydrothermal carbonization,None reported,Alkali treatment,ZnCl2 (HTC catalyst); KOH,"41598_2021_Article_1825(1).pdf; PDF p. 13, Synthesis of bagasse based hydrochar adsorbent; material comparison on pp. 2-3"
Malool_2021,AHCop,Sugarcane bagasse,Sugarcane bagasse,NR,Hydrothermal carbonization with ZnCl2 + ambient KOH modification,Hydrothermal carbonisation,Alkali treatment,ZnCl2 (hydrothermal carbonisation catalyst); KOH,Hydrothermal carbonization with ZnCl2 + ambient KOH modification,Alkali treatment,ZnCl2 (HTC catalyst); KOH,180,Pb(II),Pb,II,Distilled water; synthetic Pb solution,110,1,360,5.99,NR,NR,90.1,NR,Langmuir,NR,3,NR,NR,6,NR,NR,Hydrothermal carbonization,None reported,Alkali treatment,ZnCl2 (HTC catalyst); KOH,"41598_2021_Article_1825(1).pdf; PDF p. 13, Synthesis of bagasse based hydrochar adsorbent; material comparison on pp. 2-3"
Malool_2021,BG,Sugarcane bagasse,Sugarcane bagasse,NR,None (raw),Raw material,None,None,None (raw),None reported,None reported,NA,Pb(II),Pb,II,Distilled water; synthetic Pb solution,200,1,1440,0.36,NR,20.87,NR,NR,NR,NR,3,NR,NR,6,SD,1.62,Uncarbonized biomass,None reported,None reported,None reported,"41598_2021_Article_1825(1).pdf; PDF p. 13, Synthesis of bagasse based hydrochar adsorbent; material comparison on pp. 2-3"
Malool_2021,HCop,Sugarcane bagasse,Sugarcane bagasse,NR,Hydrothermal carbonization with ZnCl2,Hydrothermal carbonisation,Not reported,ZnCl2 (hydrothermal carbonisation catalyst),Hydrothermal carbonization with ZnCl2,None reported,ZnCl2 (HTC catalyst),180,Pb(II),Pb,II,Distilled water; synthetic Pb solution,200,1,1440,2.22,NR,34.59,NR,NR,NR,NR,3,NR,NR,6,SD,2.27,Hydrothermal carbonization,None reported,None reported,ZnCl2 (HTC catalyst),"41598_2021_Article_1825(1).pdf; PDF p. 13, Synthesis of bagasse based hydrochar adsorbent; material comparison on pp. 2-3"
Malool_2021,AHC_Run01,Sugarcane bagasse,Sugarcane bagasse,NR,ZnCl2 hydrothermal carbonization + ambient KOH modification,Hydrothermal carbonisation,Alkali treatment,ZnCl2 (hydrothermal carbonisation catalyst); KOH,ZnCl2 hydrothermal carbonization + ambient KOH modification,Alkali treatment,ZnCl2 (HTC catalyst); KOH,230,Pb(II),Pb,II,Synthetic Pb solution in distilled water,200,1,1440,NR,NR,20.75,NR,NR,NR,NR,NR,NR,NR,6,NR,NR,Hydrothermal carbonization,None reported,Alkali treatment,ZnCl2 (HTC catalyst); KOH,"41598_2021_Article_1825(1).pdf; PDF p. 13, Synthesis of bagasse based hydrochar adsorbent; material comparison on pp. 2-3"
Malool_2021,AHC_Run02,Sugarcane bagasse,Sugarcane bagasse,NR,ZnCl2 hydrothermal carbonization + ambient KOH modification,Hydrothermal carbonisation,Alkali treatment,ZnCl2 (hydrothermal carbonisation catalyst); KOH,ZnCl2 hydrothermal carbonization + ambient KOH modification,Alkali treatment,ZnCl2 (HTC catalyst); KOH,180,Pb(II),Pb,II,Synthetic Pb solution in distilled water,200,1,1440,NR,NR,52,NR,NR,NR,NR,NR,NR,NR,6,NR,NR,Hydrothermal carbonization,None reported,Alkali treatment,ZnCl2 (HTC catalyst); KOH,"41598_2021_Article_1825(1).pdf; PDF p. 13, Synthesis of bagasse based hydrochar adsorbent; material comparison on pp. 2-3"
Malool_2021,AHC_Run03,Sugarcane bagasse,Sugarcane bagasse,NR,ZnCl2 hydrothermal carbonization + ambient KOH modification,Hydrothermal carbonisation,Alkali treatment,ZnCl2 (hydrothermal carbonisation catalyst); KOH,ZnCl2 hydrothermal carbonization + ambient KOH modification,Alkali treatment,ZnCl2 (HTC catalyst); KOH,180,Pb(II),Pb,II,Synthetic Pb solution in distilled water,200,1,1440,NR,NR,54.11,NR,NR,NR,NR,NR,NR,NR,6,NR,NR,Hydrothermal carbonization,None reported,Alkali treatment,ZnCl2 (HTC catalyst); KOH,"41598_2021_Article_1825(1).pdf; PDF p. 13, Synthesis of bagasse based hydrochar adsorbent; material comparison on pp. 2-3"
Malool_2021,AHC_Run04,Sugarcane bagasse,Sugarcane bagasse,NR,ZnCl2 hydrothermal carbonization + ambient KOH modification,Hydrothermal carbonisation,Alkali treatment,ZnCl2 (hydrothermal carbonisation catalyst); KOH,ZnCl2 hydrothermal carbonization + ambient KOH modification,Alkali treatment,ZnCl2 (HTC catalyst); KOH,230,Pb(II),Pb,II,Synthetic Pb solution in distilled water,200,1,1440,NR,NR,40.07,NR,NR,NR,NR,NR,NR,NR,6,NR,NR,Hydrothermal carbonization,None reported,Alkali treatment,ZnCl2 (HTC catalyst); KOH,"41598_2021_Article_1825(1).pdf; PDF p. 13, Synthesis of bagasse based hydrochar adsorbent; material comparison on pp. 2-3"
Malool_2021,AHC_Run05,Sugarcane bagasse,Sugarcane bagasse,NR,ZnCl2 hydrothermal carbonization + ambient KOH modification,Hydrothermal carbonisation,Alkali treatment,ZnCl2 (hydrothermal carbonisation catalyst); KOH,ZnCl2 hydrothermal carbonization + ambient KOH modification,Alkali treatment,ZnCl2 (HTC catalyst); KOH,180,Pb(II),Pb,II,Synthetic Pb solution in distilled water,200,1,1440,NR,NR,22.93,NR,NR,NR,NR,NR,NR,NR,6,NR,NR,Hydrothermal carbonization,None reported,Alkali treatment,ZnCl2 (HTC catalyst); KOH,"41598_2021_Article_1825(1).pdf; PDF p. 13, Synthesis of bagasse based hydrochar adsorbent; material comparison on pp. 2-3"
Malool_2021,AHC_Run06,Sugarcane bagasse,Sugarcane bagasse,NR,ZnCl2 hydrothermal carbonization + ambient KOH modification,Hydrothermal carbonisation,Alkali treatment,ZnCl2 (hydrothermal carbonisation catalyst); KOH,ZnCl2 hydrothermal carbonization + ambient KOH modification,Alkali treatment,ZnCl2 (HTC catalyst); KOH,180,Pb(II),Pb,II,Synthetic Pb solution in distilled water,200,1,1440,NR,NR,86.7,NR,NR,NR,NR,NR,NR,NR,6,NR,NR,Hydrothermal carbonization,None reported,Alkali treatment,ZnCl2 (HTC catalyst); KOH,"41598_2021_Article_1825(1).pdf; PDF p. 13, Synthesis of bagasse based hydrochar adsorbent; material comparison on pp. 2-3"
Malool_2021,AHC_Run07,Sugarcane bagasse,Sugarcane bagasse,NR,ZnCl2 hydrothermal carbonization + ambient KOH modification,Hydrothermal carbonisation,Alkali treatment,ZnCl2 (hydrothermal carbonisation catalyst); KOH,ZnCl2 hydrothermal carbonization + ambient KOH modification,Alkali treatment,ZnCl2 (HTC catalyst); KOH,205,Pb(II),Pb,II,Synthetic Pb solution in distilled water,200,1,1440,NR,NR,65.92,NR,NR,NR,NR,NR,NR,NR,6,NR,NR,Hydrothermal carbonization,None reported,Alkali treatment,ZnCl2 (HTC catalyst); KOH,"41598_2021_Article_1825(1).pdf; PDF p. 13, Synthesis of bagasse based hydrochar adsorbent; material comparison on pp. 2-3"
Malool_2021,AHC_Run08,Sugarcane bagasse,Sugarcane bagasse,NR,ZnCl2 hydrothermal carbonization + ambient KOH modification,Hydrothermal carbonisation,Alkali treatment,ZnCl2 (hydrothermal carbonisation catalyst); KOH,ZnCl2 hydrothermal carbonization + ambient KOH modification,Alkali treatment,ZnCl2 (HTC catalyst); KOH,205,Pb(II),Pb,II,Synthetic Pb solution in distilled water,200,1,1440,NR,NR,83.71,NR,NR,NR,NR,NR,NR,NR,6,NR,NR,Hydrothermal carbonization,None reported,Alkali treatment,ZnCl2 (HTC catalyst); KOH,"41598_2021_Article_1825(1).pdf; PDF p. 13, Synthesis of bagasse based hydrochar adsorbent; material comparison on pp. 2-3"
Malool_2021,AHC_Run09,Sugarcane bagasse,Sugarcane bagasse,NR,ZnCl2 hydrothermal carbonization + ambient KOH modification,Hydrothermal carbonisation,Alkali treatment,ZnCl2 (hydrothermal carbonisation catalyst); KOH,ZnCl2 hydrothermal carbonization + ambient KOH modification,Alkali treatment,ZnCl2 (HTC catalyst); KOH,205,Pb(II),Pb,II,Synthetic Pb solution in distilled water,200,1,1440,NR,NR,87.73,NR,NR,NR,NR,NR,NR,NR,6,NR,NR,Hydrothermal carbonization,None reported,Alkali treatment,ZnCl2 (HTC catalyst); KOH,"41598_2021_Article_1825(1).pdf; PDF p. 13, Synthesis of bagasse based hydrochar adsorbent; material comparison on pp. 2-3"
Malool_2021,AHC_Run10,Sugarcane bagasse,Sugarcane bagasse,NR,ZnCl2 hydrothermal carbonization + ambient KOH modification,Hydrothermal carbonisation,Alkali treatment,ZnCl2 (hydrothermal carbonisation catalyst); KOH,ZnCl2 hydrothermal carbonization + ambient KOH modification,Alkali treatment,ZnCl2 (HTC catalyst); KOH,180,Pb(II),Pb,II,Synthetic Pb solution in distilled water,200,1,1440,NR,NR,77.29,NR,NR,NR,NR,NR,NR,NR,6,NR,NR,Hydrothermal carbonization,None reported,Alkali treatment,ZnCl2 (HTC catalyst); KOH,"41598_2021_Article_1825(1).pdf; PDF p. 13, Synthesis of bagasse based hydrochar adsorbent; material comparison on pp. 2-3"
Malool_2021,AHC_Run11,Sugarcane bagasse,Sugarcane bagasse,NR,ZnCl2 hydrothermal carbonization + ambient KOH modification,Hydrothermal carbonisation,Alkali treatment,ZnCl2 (hydrothermal carbonisation catalyst); KOH,ZnCl2 hydrothermal carbonization + ambient KOH modification,Alkali treatment,ZnCl2 (HTC catalyst); KOH,205,Pb(II),Pb,II,Synthetic Pb solution in distilled water,200,1,1440,NR,NR,80.45,NR,NR,NR,NR,NR,NR,NR,6,NR,NR,Hydrothermal carbonization,None reported,Alkali treatment,ZnCl2 (HTC catalyst); KOH,"41598_2021_Article_1825(1).pdf; PDF p. 13, Synthesis of bagasse based hydrochar adsorbent; material comparison on pp. 2-3"
Malool_2021,AHC_Run12,Sugarcane bagasse,Sugarcane bagasse,NR,ZnCl2 hydrothermal carbonization + ambient KOH modification,Hydrothermal carbonisation,Alkali treatment,ZnCl2 (hydrothermal carbonisation catalyst); KOH,ZnCl2 hydrothermal carbonization + ambient KOH modification,Alkali treatment,ZnCl2 (HTC catalyst); KOH,205,Pb(II),Pb,II,Synthetic Pb solution in distilled water,200,1,1440,NR,NR,10.62,NR,NR,NR,NR,NR,NR,NR,6,NR,NR,Hydrothermal carbonization,None reported,Alkali treatment,ZnCl2 (HTC catalyst); KOH,"41598_2021_Article_1825(1).pdf; PDF p. 13, Synthesis of bagasse based hydrochar adsorbent; material comparison on pp. 2-3"
Malool_2021,AHC_Run13,Sugarcane bagasse,Sugarcane bagasse,NR,ZnCl2 hydrothermal carbonization + ambient KOH modification,Hydrothermal carbonisation,Alkali treatment,ZnCl2 (hydrothermal carbonisation catalyst); KOH,ZnCl2 hydrothermal carbonization + ambient KOH modification,Alkali treatment,ZnCl2 (HTC catalyst); KOH,230,Pb(II),Pb,II,Synthetic Pb solution in distilled water,200,1,1440,NR,NR,25.36,NR,NR,NR,NR,NR,NR,NR,6,NR,NR,Hydrothermal carbonization,None reported,Alkali treatment,ZnCl2 (HTC catalyst); KOH,"41598_2021_Article_1825(1).pdf; PDF p. 13, Synthesis of bagasse based hydrochar adsorbent; material comparison on pp. 2-3"
Malool_2021,AHC_Run14,Sugarcane bagasse,Sugarcane bagasse,NR,ZnCl2 hydrothermal carbonization + ambient KOH modification,Hydrothermal carbonisation,Alkali treatment,ZnCl2 (hydrothermal carbonisation catalyst); KOH,ZnCl2 hydrothermal carbonization + ambient KOH modification,Alkali treatment,ZnCl2 (HTC catalyst); KOH,230,Pb(II),Pb,II,Synthetic Pb solution in distilled water,200,1,1440,NR,NR,41.83,NR,NR,NR,NR,NR,NR,NR,6,NR,NR,Hydrothermal carbonization,None reported,Alkali treatment,ZnCl2 (HTC catalyst); KOH,"41598_2021_Article_1825(1).pdf; PDF p. 13, Synthesis of bagasse based hydrochar adsorbent; material comparison on pp. 2-3"
Malool_2021,AHC_Run15,Sugarcane bagasse,Sugarcane bagasse,NR,ZnCl2 hydrothermal carbonization + ambient KOH modification,Hydrothermal carbonisation,Alkali treatment,ZnCl2 (hydrothermal carbonisation catalyst); KOH,ZnCl2 hydrothermal carbonization + ambient KOH modification,Alkali treatment,ZnCl2 (HTC catalyst); KOH,205,Pb(II),Pb,II,Synthetic Pb solution in distilled water,200,1,1440,NR,NR,97.33,NR,NR,NR,NR,NR,NR,NR,6,NR,NR,Hydrothermal carbonization,None reported,Alkali treatment,ZnCl2 (HTC catalyst); KOH,"41598_2021_Article_1825(1).pdf; PDF p. 13, Synthesis of bagasse based hydrochar adsorbent; material comparison on pp. 2-3"
Malool_2021,AHC_Run16,Sugarcane bagasse,Sugarcane bagasse,NR,ZnCl2 hydrothermal carbonization + ambient KOH modification,Hydrothermal carbonisation,Alkali treatment,ZnCl2 (hydrothermal carbonisation catalyst); KOH,ZnCl2 hydrothermal carbonization + ambient KOH modification,Alkali treatment,ZnCl2 (HTC catalyst); KOH,205,Pb(II),Pb,II,Synthetic Pb solution in distilled water,200,1,1440,NR,NR,76.88,NR,NR,NR,NR,NR,NR,NR,6,NR,NR,Hydrothermal carbonization,None reported,Alkali treatment,ZnCl2 (HTC catalyst); KOH,"41598_2021_Article_1825(1).pdf; PDF p. 13, Synthesis of bagasse based hydrochar adsorbent; material comparison on pp. 2-3"
Malool_2021,AHC_Run17,Sugarcane bagasse,Sugarcane bagasse,NR,ZnCl2 hydrothermal carbonization + ambient KOH modification,Hydrothermal carbonisation,Alkali treatment,ZnCl2 (hydrothermal carbonisation catalyst); KOH,ZnCl2 hydrothermal carbonization + ambient KOH modification,Alkali treatment,ZnCl2 (HTC catalyst); KOH,205,Pb(II),Pb,II,Synthetic Pb solution in distilled water,200,1,1440,NR,NR,94.59,NR,NR,NR,NR,NR,NR,NR,6,NR,NR,Hydrothermal carbonization,None reported,Alkali treatment,ZnCl2 (HTC catalyst); KOH,"41598_2021_Article_1825(1).pdf; PDF p. 13, Synthesis of bagasse based hydrochar adsorbent; material comparison on pp. 2-3"
Malool_2021,AHC_Run18,Sugarcane bagasse,Sugarcane bagasse,NR,ZnCl2 hydrothermal carbonization + ambient KOH modification,Hydrothermal carbonisation,Alkali treatment,ZnCl2 (hydrothermal carbonisation catalyst); KOH,ZnCl2 hydrothermal carbonization + ambient KOH modification,Alkali treatment,ZnCl2 (HTC catalyst); KOH,180,Pb(II),Pb,II,Synthetic Pb solution in distilled water,200,1,1440,NR,NR,28.83,NR,NR,NR,NR,NR,NR,NR,6,NR,NR,Hydrothermal carbonization,None reported,Alkali treatment,ZnCl2 (HTC catalyst); KOH,"41598_2021_Article_1825(1).pdf; PDF p. 13, Synthesis of bagasse based hydrochar adsorbent; material comparison on pp. 2-3"
Malool_2021,AHC_Run19,Sugarcane bagasse,Sugarcane bagasse,NR,ZnCl2 hydrothermal carbonization + ambient KOH modification,Hydrothermal carbonisation,Alkali treatment,ZnCl2 (hydrothermal carbonisation catalyst); KOH,ZnCl2 hydrothermal carbonization + ambient KOH modification,Alkali treatment,ZnCl2 (HTC catalyst); KOH,255,Pb(II),Pb,II,Synthetic Pb solution in distilled water,200,1,1440,NR,NR,18.44,NR,NR,NR,NR,NR,NR,NR,6,NR,NR,Hydrothermal carbonization,None reported,Alkali treatment,ZnCl2 (HTC catalyst); KOH,"41598_2021_Article_1825(1).pdf; PDF p. 13, Synthesis of bagasse based hydrochar adsorbent; material comparison on pp. 2-3"
Malool_2021,AHC_Run20,Sugarcane bagasse,Sugarcane bagasse,NR,ZnCl2 hydrothermal carbonization + ambient KOH modification,Hydrothermal carbonisation,Alkali treatment,ZnCl2 (hydrothermal carbonisation catalyst); KOH,ZnCl2 hydrothermal carbonization + ambient KOH modification,Alkali treatment,ZnCl2 (HTC catalyst); KOH,180,Pb(II),Pb,II,Synthetic Pb solution in distilled water,200,1,1440,NR,NR,42.59,NR,NR,NR,NR,NR,NR,NR,6,NR,NR,Hydrothermal carbonization,None reported,Alkali treatment,ZnCl2 (HTC catalyst); KOH,"41598_2021_Article_1825(1).pdf; PDF p. 13, Synthesis of bagasse based hydrochar adsorbent; material comparison on pp. 2-3"
Malool_2021,AHC_Run21,Sugarcane bagasse,Sugarcane bagasse,NR,ZnCl2 hydrothermal carbonization + ambient KOH modification,Hydrothermal carbonisation,Alkali treatment,ZnCl2 (hydrothermal carbonisation catalyst); KOH,ZnCl2 hydrothermal carbonization + ambient KOH modification,Alkali treatment,ZnCl2 (HTC catalyst); KOH,205,Pb(II),Pb,II,Synthetic Pb solution in distilled water,200,1,1440,NR,NR,96.84,NR,NR,NR,NR,NR,NR,NR,6,NR,NR,Hydrothermal carbonization,None reported,Alkali treatment,ZnCl2 (HTC catalyst); KOH,"41598_2021_Article_1825(1).pdf; PDF p. 13, Synthesis of bagasse based hydrochar adsorbent; material comparison on pp. 2-3"
Malool_2021,AHC_Run22,Sugarcane bagasse,Sugarcane bagasse,NR,ZnCl2 hydrothermal carbonization + ambient KOH modification,Hydrothermal carbonisation,Alkali treatment,ZnCl2 (hydrothermal carbonisation catalyst); KOH,ZnCl2 hydrothermal carbonization + ambient KOH modification,Alkali treatment,ZnCl2 (HTC catalyst); KOH,230,Pb(II),Pb,II,Synthetic Pb solution in distilled water,200,1,1440,NR,NR,27.53,NR,NR,NR,NR,NR,NR,NR,6,NR,NR,Hydrothermal carbonization,None reported,Alkali treatment,ZnCl2 (HTC catalyst); KOH,"41598_2021_Article_1825(1).pdf; PDF p. 13, Synthesis of bagasse based hydrochar adsorbent; material comparison on pp. 2-3"
Malool_2021,AHC_Run23,Sugarcane bagasse,Sugarcane bagasse,NR,ZnCl2 hydrothermal carbonization + ambient KOH modification,Hydrothermal carbonisation,Alkali treatment,ZnCl2 (hydrothermal carbonisation catalyst); KOH,ZnCl2 hydrothermal carbonization + ambient KOH modification,Alkali treatment,ZnCl2 (HTC catalyst); KOH,155,Pb(II),Pb,II,Synthetic Pb solution in distilled water,200,1,1440,NR,NR,22.29,NR,NR,NR,NR,NR,NR,NR,6,NR,NR,Hydrothermal carbonization,None reported,Alkali treatment,ZnCl2 (HTC catalyst); KOH,"41598_2021_Article_1825(1).pdf; PDF p. 13, Synthesis of bagasse based hydrochar adsorbent; material comparison on pp. 2-3"
Malool_2021,AHC_Run24,Sugarcane bagasse,Sugarcane bagasse,NR,ZnCl2 hydrothermal carbonization + ambient KOH modification,Hydrothermal carbonisation,Alkali treatment,ZnCl2 (hydrothermal carbonisation catalyst); KOH,ZnCl2 hydrothermal carbonization + ambient KOH modification,Alkali treatment,ZnCl2 (HTC catalyst); KOH,205,Pb(II),Pb,II,Synthetic Pb solution in distilled water,200,1,1440,NR,NR,97.51,NR,NR,NR,NR,NR,NR,NR,6,NR,NR,Hydrothermal carbonization,None reported,Alkali treatment,ZnCl2 (HTC catalyst); KOH,"41598_2021_Article_1825(1).pdf; PDF p. 13, Synthesis of bagasse based hydrochar adsorbent; material comparison on pp. 2-3"
Malool_2021,AHC_Run25,Sugarcane bagasse,Sugarcane bagasse,NR,ZnCl2 hydrothermal carbonization + ambient KOH modification,Hydrothermal carbonisation,Alkali treatment,ZnCl2 (hydrothermal carbonisation catalyst); KOH,ZnCl2 hydrothermal carbonization + ambient KOH modification,Alkali treatment,ZnCl2 (HTC catalyst); KOH,230,Pb(II),Pb,II,Synthetic Pb solution in distilled water,200,1,1440,NR,NR,32.22,NR,NR,NR,NR,NR,NR,NR,6,NR,NR,Hydrothermal carbonization,None reported,Alkali treatment,ZnCl2 (HTC catalyst); KOH,"41598_2021_Article_1825(1).pdf; PDF p. 13, Synthesis of bagasse based hydrochar adsorbent; material comparison on pp. 2-3"
Malool_2021,AHC_Run26,Sugarcane bagasse,Sugarcane bagasse,NR,ZnCl2 hydrothermal carbonization + ambient KOH modification,Hydrothermal carbonisation,Alkali treatment,ZnCl2 (hydrothermal carbonisation catalyst); KOH,ZnCl2 hydrothermal carbonization + ambient KOH modification,Alkali treatment,ZnCl2 (HTC catalyst); KOH,205,Pb(II),Pb,II,Synthetic Pb solution in distilled water,200,1,1440,NR,NR,95.43,NR,NR,NR,NR,NR,NR,NR,6,NR,NR,Hydrothermal carbonization,None reported,Alkali treatment,ZnCl2 (HTC catalyst); KOH,"41598_2021_Article_1825(1).pdf; PDF p. 13, Synthesis of bagasse based hydrochar adsorbent; material comparison on pp. 2-3"
Malool_2021,AHC_Run27,Sugarcane bagasse,Sugarcane bagasse,NR,ZnCl2 hydrothermal carbonization + ambient KOH modification,Hydrothermal carbonisation,Alkali treatment,ZnCl2 (hydrothermal carbonisation catalyst); KOH,ZnCl2 hydrothermal carbonization + ambient KOH modification,Alkali treatment,ZnCl2 (HTC catalyst); KOH,180,Pb(II),Pb,II,Synthetic Pb solution in distilled water,200,1,1440,NR,NR,92.24,NR,NR,NR,NR,NR,NR,NR,6,NR,NR,Hydrothermal carbonization,None reported,Alkali treatment,ZnCl2 (HTC catalyst); KOH,"41598_2021_Article_1825(1).pdf; PDF p. 13, Synthesis of bagasse based hydrochar adsorbent; material comparison on pp. 2-3"
Malool_2021,AHC_Run28,Sugarcane bagasse,Sugarcane bagasse,NR,ZnCl2 hydrothermal carbonization + ambient KOH modification,Hydrothermal carbonisation,Alkali treatment,ZnCl2 (hydrothermal carbonisation catalyst); KOH,ZnCl2 hydrothermal carbonization + ambient KOH modification,Alkali treatment,ZnCl2 (HTC catalyst); KOH,230,Pb(II),Pb,II,Synthetic Pb solution in distilled water,200,1,1440,NR,NR,40.05,NR,NR,NR,NR,NR,NR,NR,6,NR,NR,Hydrothermal carbonization,None reported,Alkali treatment,ZnCl2 (HTC catalyst); KOH,"41598_2021_Article_1825(1).pdf; PDF p. 13, Synthesis of bagasse based hydrochar adsorbent; material comparison on pp. 2-3"
Malool_2021,AHC_Run29,Sugarcane bagasse,Sugarcane bagasse,NR,ZnCl2 hydrothermal carbonization + ambient KOH modification,Hydrothermal carbonisation,Alkali treatment,ZnCl2 (hydrothermal carbonisation catalyst); KOH,ZnCl2 hydrothermal carbonization + ambient KOH modification,Alkali treatment,ZnCl2 (HTC catalyst); KOH,230,Pb(II),Pb,II,Synthetic Pb solution in distilled water,200,1,1440,NR,NR,37.48,NR,NR,NR,NR,NR,NR,NR,6,NR,NR,Hydrothermal carbonization,None reported,Alkali treatment,ZnCl2 (HTC catalyst); KOH,"41598_2021_Article_1825(1).pdf; PDF p. 13, Synthesis of bagasse based hydrochar adsorbent; material comparison on pp. 2-3"
Malool_2021,AHC_Run30,Sugarcane bagasse,Sugarcane bagasse,NR,ZnCl2 hydrothermal carbonization + ambient KOH modification,Hydrothermal carbonisation,Alkali treatment,ZnCl2 (hydrothermal carbonisation catalyst); KOH,ZnCl2 hydrothermal carbonization + ambient KOH modification,Alkali treatment,ZnCl2 (HTC catalyst); KOH,205,Pb(II),Pb,II,Synthetic Pb solution in distilled water,200,1,1440,NR,NR,98.83,NR,NR,NR,NR,NR,NR,NR,6,NR,NR,Hydrothermal carbonization,None reported,Alkali treatment,ZnCl2 (HTC catalyst); KOH,"41598_2021_Article_1825(1).pdf; PDF p. 13, Synthesis of bagasse based hydrochar adsorbent; material comparison on pp. 2-3"
Malool_2021,AHCop,Sugarcane bagasse,Sugarcane bagasse,NR,ZnCl2 hydrothermal carbonization + ambient KOH modification,Hydrothermal carbonisation,Alkali treatment,ZnCl2 (hydrothermal carbonisation catalyst); KOH,ZnCl2 hydrothermal carbonization + ambient KOH modification,Alkali treatment,ZnCl2 (HTC catalyst); KOH,180,Pb(II),Pb,II,Synthetic Pb solution in distilled water,200,1,NR,5.99,NR,86.851,NR,Pseudo-first-order,NR,NR,NR,NR,NR,6,NR,NR,Hydrothermal carbonization,None reported,Alkali treatment,ZnCl2 (HTC catalyst); KOH,"41598_2021_Article_1825(1).pdf; PDF p. 13, Synthesis of bagasse based hydrochar adsorbent; material comparison on pp. 2-3"
Malool_2021,AHCop,Sugarcane bagasse,Sugarcane bagasse,NR,ZnCl2 hydrothermal carbonization + ambient KOH modification,Hydrothermal carbonisation,Alkali treatment,ZnCl2 (hydrothermal carbonisation catalyst); KOH,ZnCl2 hydrothermal carbonization + ambient KOH modification,Alkali treatment,ZnCl2 (HTC catalyst); KOH,180,Pb(II),Pb,II,Synthetic Pb solution in distilled water,200,1,NR,5.99,NR,93.46,NR,Pseudo-second-order,NR,NR,NR,NR,NR,6,NR,NR,Hydrothermal carbonization,None reported,Alkali treatment,ZnCl2 (HTC catalyst); KOH,"41598_2021_Article_1825(1).pdf; PDF p. 13, Synthesis of bagasse based hydrochar adsorbent; material comparison on pp. 2-3"
Malool_2021,AHCop,Sugarcane bagasse,Sugarcane bagasse,NR,ZnCl2 hydrothermal carbonization + ambient KOH modification,Hydrothermal carbonisation,Alkali treatment,ZnCl2 (hydrothermal carbonisation catalyst); KOH,ZnCl2 hydrothermal carbonization + ambient KOH modification,Alkali treatment,ZnCl2 (HTC catalyst); KOH,180,Pb(II),Pb,II,Synthetic Pb solution in distilled water,110,1,360,5.99,NR,NR,86.28,NR,Langmuir-Freundlich (Sips),NR,NR,NR,NR,6,NR,NR,Hydrothermal carbonization,None reported,Alkali treatment,ZnCl2 (HTC catalyst); KOH,"41598_2021_Article_1825(1).pdf; PDF p. 13, Synthesis of bagasse based hydrochar adsorbent; material comparison on pp. 2-3"
Mitra_2019,RH,Rice husk,Rice husk,NR,"Unactivated; washed, dried and sieved",Not reported,Not reported,Not reported,"Unactivated; washed, dried and sieved",None reported,None reported,NA,Pb(II),Pb,II,Synthetic Pb(NO3)2 in distilled water,10,NR,NR,0.54,NR,5.72,NR,NR,NR,NR,NR,NR,NR,NR,NR,NR,Uncarbonized biomass,None reported,None reported,None reported,"mitra2019.pdf; PDF p. 3, Section 2.1"
Mitra_2019,RH,Rice husk,Rice husk,NR,"Unactivated; washed, dried and sieved",Not reported,Not reported,Not reported,"Unactivated; washed, dried and sieved",None reported,None reported,NA,Pb(II),Pb,II,Synthetic Pb(NO3)2 in distilled water,10,NR,NR,0.54,NR,7.42,NR,NR,NR,NR,NR,NR,NR,NR,NR,NR,Uncarbonized biomass,None reported,None reported,None reported,"mitra2019.pdf; PDF p. 3, Section 2.1"
Mitra_2019,RH,Rice husk,Rice husk,NR,"Unactivated; washed, dried and sieved",Not reported,Not reported,Not reported,"Unactivated; washed, dried and sieved",None reported,None reported,NA,Pb(II),Pb,II,Synthetic Pb(NO3)2 in distilled water,10,NR,NR,0.54,NR,6.87,NR,NR,NR,NR,NR,NR,NR,NR,NR,NR,Uncarbonized biomass,None reported,None reported,None reported,"mitra2019.pdf; PDF p. 3, Section 2.1"
Mitra_2019,RH,Rice husk,Rice husk,NR,"Unactivated; washed, dried and sieved",Not reported,Not reported,Not reported,"Unactivated; washed, dried and sieved",None reported,None reported,NA,Pb(II),Pb,II,Synthetic Pb(NO3)2 in distilled water,20,NR,NR,0.54,NR,13.86,NR,NR,NR,NR,NR,NR,NR,NR,NR,NR,Uncarbonized biomass,None reported,None reported,None reported,"mitra2019.pdf; PDF p. 3, Section 2.1"
Mitra_2019,RH,Rice husk,Rice husk,NR,"Unactivated; washed, dried and sieved",Not reported,Not reported,Not reported,"Unactivated; washed, dried and sieved",None reported,None reported,NA,Pb(II),Pb,II,Synthetic Pb(NO3)2 in distilled water,20,NR,NR,0.54,NR,35.3,NR,NR,NR,NR,NR,NR,NR,NR,NR,NR,Uncarbonized biomass,None reported,None reported,None reported,"mitra2019.pdf; PDF p. 3, Section 2.1"
Mitra_2019,RH,Rice husk,Rice husk,NR,"Unactivated; washed, dried and sieved",Not reported,Not reported,Not reported,"Unactivated; washed, dried and sieved",None reported,None reported,NA,Pb(II),Pb,II,Synthetic Pb(NO3)2 in distilled water,20,NR,NR,0.54,NR,39.16,NR,NR,NR,NR,NR,NR,NR,NR,NR,NR,Uncarbonized biomass,None reported,None reported,None reported,"mitra2019.pdf; PDF p. 3, Section 2.1"
Mitra_2019,RH,Rice husk,Rice husk,NR,"Unactivated; washed, dried and sieved",Not reported,Not reported,Not reported,"Unactivated; washed, dried and sieved",None reported,None reported,NA,Pb(II),Pb,II,Synthetic Pb(NO3)2 in distilled water,20,NR,NR,0.54,NR,16.1,NR,NR,NR,NR,NR,NR,NR,NR,NR,NR,Uncarbonized biomass,None reported,None reported,None reported,"mitra2019.pdf; PDF p. 3, Section 2.1"
Mitra_2019,RH,Rice husk,Rice husk,NR,"Unactivated; washed, dried and sieved",Not reported,Not reported,Not reported,"Unactivated; washed, dried and sieved",None reported,None reported,NA,Pb(II),Pb,II,Synthetic Pb(NO3)2 in distilled water,30,NR,NR,0.54,NR,22.99,NR,NR,NR,NR,NR,NR,NR,NR,NR,NR,Uncarbonized biomass,None reported,None reported,None reported,"mitra2019.pdf; PDF p. 3, Section 2.1"
Mohammadpour_2021,RH,Rice husk,Rice husk,NR,None (raw),Raw material,None,Ethanol (cleaning),None (raw),None reported,Ethanol (cleaning),NA,Cd(II),Cd,II,Synthetic Pb/Cd solution in distilled water,30,NR,NR,NR,NR,NR,41.66,NR,Langmuir,NR,NR,NR,NR,6,NR,NR,Uncarbonized biomass,None reported,None reported,Ethanol (cleaning),"CJES_Volume 19_Issue 4_Pages 661-672(1).pdf; PDF p. 2, Preparation of silicate from rice husk"
Mohammadpour_2021,RH,Rice husk,Rice husk,NR,None (raw),Raw material,None,Ethanol (cleaning),None (raw),None reported,Ethanol (cleaning),NA,Cd(II),Cd,II,Synthetic Pb/Cd solution in distilled water,30,NR,NR,NR,NR,NR,5.81,NR,Langmuir,NR,NR,NR,NR,4,NR,NR,Uncarbonized biomass,None reported,None reported,Ethanol (cleaning),"CJES_Volume 19_Issue 4_Pages 661-672(1).pdf; PDF p. 2, Preparation of silicate from rice husk"
Mohammadpour_2021,RH,Rice husk,Rice husk,NR,None (raw),Raw material,None,Ethanol (cleaning),None (raw),None reported,Ethanol (cleaning),NA,Cd(II),Cd,II,Synthetic Pb/Cd solution in distilled water,30,NR,NR,NR,NR,NR,9.88,NR,Langmuir,NR,NR,NR,NR,8,NR,NR,Uncarbonized biomass,None reported,None reported,Ethanol (cleaning),"CJES_Volume 19_Issue 4_Pages 661-672(1).pdf; PDF p. 2, Preparation of silicate from rice husk"
Mohammadpour_2021,RH,Rice husk,Rice husk,NR,None (raw),Raw material,None,Ethanol (cleaning),None (raw),None reported,Ethanol (cleaning),NA,Cd(II),Cd,II,Synthetic Pb/Cd solution in distilled water,10,1,30,NR,88,NR,NR,NR,NR,NR,NR,NR,NR,6,NR,NR,Uncarbonized biomass,None reported,None reported,Ethanol (cleaning),"CJES_Volume 19_Issue 4_Pages 661-672(1).pdf; PDF p. 2, Preparation of silicate from rice husk"
Mohammadpour_2021,RH,Rice husk,Rice husk,NR,None (raw),Raw material,None,Ethanol (cleaning),None (raw),None reported,Ethanol (cleaning),NA,Cd(II),Cd,II,Synthetic Pb/Cd solution in distilled water,50,1,30,NR,20,NR,NR,NR,NR,NR,NR,NR,NR,6,NR,NR,Uncarbonized biomass,None reported,None reported,Ethanol (cleaning),"CJES_Volume 19_Issue 4_Pages 661-672(1).pdf; PDF p. 2, Preparation of silicate from rice husk"
Mohammadpour_2021,RH,Rice husk,Rice husk,NR,None (raw),Raw material,None,Ethanol (cleaning),None (raw),None reported,Ethanol (cleaning),NA,Cd(II),Cd,II,Synthetic Pb/Cd solution in distilled water,10,1,15,NR,76.5,NR,NR,NR,NR,NR,NR,NR,NR,6,NR,NR,Uncarbonized biomass,None reported,None reported,Ethanol (cleaning),"CJES_Volume 19_Issue 4_Pages 661-672(1).pdf; PDF p. 2, Preparation of silicate from rice husk"
Mohammadpour_2021,RH,Rice husk,Rice husk,NR,None (raw),Raw material,None,Ethanol (cleaning),None (raw),None reported,Ethanol (cleaning),NA,Pb(II),Pb,II,Synthetic Pb/Cd solution in distilled water,30,NR,NR,NR,NR,NR,38.31,NR,Langmuir,NR,NR,NR,NR,6,NR,NR,Uncarbonized biomass,None reported,None reported,Ethanol (cleaning),"CJES_Volume 19_Issue 4_Pages 661-672(1).pdf; PDF p. 2, Preparation of silicate from rice husk"
Mohammadpour_2021,RH,Rice husk,Rice husk,NR,None (raw),Raw material,None,Ethanol (cleaning),None (raw),None reported,Ethanol (cleaning),NA,Pb(II),Pb,II,Synthetic Pb/Cd solution in distilled water,30,NR,NR,NR,NR,NR,6.7,NR,Langmuir,NR,NR,NR,NR,4,NR,NR,Uncarbonized biomass,None reported,None reported,Ethanol (cleaning),"CJES_Volume 19_Issue 4_Pages 661-672(1).pdf; PDF p. 2, Preparation of silicate from rice husk"
Mohammadpour_2021,RH,Rice husk,Rice husk,NR,None (raw),Raw material,None,Ethanol (cleaning),None (raw),None reported,Ethanol (cleaning),NA,Pb(II),Pb,II,Synthetic Pb/Cd solution in distilled water,30,NR,NR,NR,NR,NR,7.71,NR,Langmuir,NR,NR,NR,NR,8,NR,NR,Uncarbonized biomass,None reported,None reported,Ethanol (cleaning),"CJES_Volume 19_Issue 4_Pages 661-672(1).pdf; PDF p. 2, Preparation of silicate from rice husk"
Mohammadpour_2021,RH,Rice husk,Rice husk,NR,None (raw),Raw material,None,Ethanol (cleaning),None (raw),None reported,Ethanol (cleaning),NA,Pb(II),Pb,II,Synthetic Pb/Cd solution in distilled water,10,1,30,NR,81.6,NR,NR,NR,NR,NR,NR,NR,NR,6,NR,NR,Uncarbonized biomass,None reported,None reported,Ethanol (cleaning),"CJES_Volume 19_Issue 4_Pages 661-672(1).pdf; PDF p. 2, Preparation of silicate from rice husk"
Mohammadpour_2021,RH,Rice husk,Rice husk,NR,None (raw),Raw material,None,Ethanol (cleaning),None (raw),None reported,Ethanol (cleaning),NA,Pb(II),Pb,II,Synthetic Pb/Cd solution in distilled water,50,1,30,NR,18,NR,NR,NR,NR,NR,NR,NR,NR,6,NR,NR,Uncarbonized biomass,None reported,None reported,Ethanol (cleaning),"CJES_Volume 19_Issue 4_Pages 661-672(1).pdf; PDF p. 2, Preparation of silicate from rice husk"
Mohammadpour_2021,RH,Rice husk,Rice husk,NR,None (raw),Raw material,None,Ethanol (cleaning),None (raw),None reported,Ethanol (cleaning),NA,Pb(II),Pb,II,Synthetic Pb/Cd solution in distilled water,10,1,15,NR,69,NR,NR,NR,NR,NR,NR,NR,NR,6,NR,NR,Uncarbonized biomass,None reported,None reported,Ethanol (cleaning),"CJES_Volume 19_Issue 4_Pages 661-672(1).pdf; PDF p. 2, Preparation of silicate from rice husk"
Mohammadpour_2021,RH-ACS,Rice husk,Rice husk,NR,Thermal preparation of activated carbon-silica,"Thermal treatment, unspecified",Not reported,Ethanol (precursor cleaning),Thermal preparation of activated carbon-silica,None reported,Ethanol (precursor cleaning),400,Cd(II),Cd,II,Synthetic Pb/Cd solution in distilled water,30,NR,NR,NR,NR,NR,35.71,NR,Langmuir,NR,NR,NR,NR,6,NR,NR,Thermal treatment (atmosphere unclear),Unclear,None reported,Ethanol (precursor cleaning),"CJES_Volume 19_Issue 4_Pages 661-672(1).pdf; PDF p. 2, Preparation of silicate from rice husk"
Mohammadpour_2021,RH-ACS,Rice husk,Rice husk,NR,Thermal preparation of activated carbon-silica,"Thermal treatment, unspecified",Not reported,Ethanol (precursor cleaning),Thermal preparation of activated carbon-silica,None reported,Ethanol (precursor cleaning),400,Cd(II),Cd,II,Synthetic Pb/Cd solution in distilled water,30,NR,NR,NR,NR,NR,5.12,NR,Langmuir,NR,NR,NR,NR,4,NR,NR,Thermal treatment (atmosphere unclear),Unclear,None reported,Ethanol (precursor cleaning),"CJES_Volume 19_Issue 4_Pages 661-672(1).pdf; PDF p. 2, Preparation of silicate from rice husk"
Mohammadpour_2021,RH-ACS,Rice husk,Rice husk,NR,Thermal preparation of activated carbon-silica,"Thermal treatment, unspecified",Not reported,Ethanol (precursor cleaning),Thermal preparation of activated carbon-silica,None reported,Ethanol (precursor cleaning),400,Cd(II),Cd,II,Synthetic Pb/Cd solution in distilled water,30,NR,NR,NR,NR,NR,10.72,NR,Langmuir,NR,NR,NR,NR,8,NR,NR,Thermal treatment (atmosphere unclear),Unclear,None reported,Ethanol (precursor cleaning),"CJES_Volume 19_Issue 4_Pages 661-672(1).pdf; PDF p. 2, Preparation of silicate from rice husk"
Mohammadpour_2021,RH-ACS,Rice husk,Rice husk,NR,Thermal preparation of activated carbon-silica,"Thermal treatment, unspecified",Not reported,Ethanol (precursor cleaning),Thermal preparation of activated carbon-silica,None reported,Ethanol (precursor cleaning),400,Cd(II),Cd,II,Synthetic Pb/Cd solution in distilled water,10,1,30,NR,100,NR,NR,NR,NR,NR,NR,NR,NR,6,NR,NR,Thermal treatment (atmosphere unclear),Unclear,None reported,Ethanol (precursor cleaning),"CJES_Volume 19_Issue 4_Pages 661-672(1).pdf; PDF p. 2, Preparation of silicate from rice husk"
Mohammadpour_2021,RH-ACS,Rice husk,Rice husk,NR,Thermal preparation of activated carbon-silica,"Thermal treatment, unspecified",Not reported,Ethanol (precursor cleaning),Thermal preparation of activated carbon-silica,None reported,Ethanol (precursor cleaning),400,Cd(II),Cd,II,Synthetic Pb/Cd solution in distilled water,50,1,30,NR,21.6,NR,NR,NR,NR,NR,NR,NR,NR,6,NR,NR,Thermal treatment (atmosphere unclear),Unclear,None reported,Ethanol (precursor cleaning),"CJES_Volume 19_Issue 4_Pages 661-672(1).pdf; PDF p. 2, Preparation of silicate from rice husk"
Mohammadpour_2021,RH-ACS,Rice husk,Rice husk,NR,Thermal preparation of activated carbon-silica,"Thermal treatment, unspecified",Not reported,Ethanol (precursor cleaning),Thermal preparation of activated carbon-silica,None reported,Ethanol (precursor cleaning),400,Cd(II),Cd,II,Synthetic Pb/Cd solution in distilled water,10,1,30,NR,96.6,NR,NR,NR,NR,NR,NR,NR,NR,6,NR,NR,Thermal treatment (atmosphere unclear),Unclear,None reported,Ethanol (precursor cleaning),"CJES_Volume 19_Issue 4_Pages 661-672(1).pdf; PDF p. 2, Preparation of silicate from rice husk"
Mohammadpour_2021,RH-ACS,Rice husk,Rice husk,NR,Thermal preparation of activated carbon-silica,"Thermal treatment, unspecified",Not reported,Ethanol (precursor cleaning),Thermal preparation of activated carbon-silica,None reported,Ethanol (precursor cleaning),400,Pb(II),Pb,II,Synthetic Pb/Cd solution in distilled water,30,NR,NR,NR,NR,NR,33.78,NR,Langmuir,NR,NR,NR,NR,6,NR,NR,Thermal treatment (atmosphere unclear),Unclear,None reported,Ethanol (precursor cleaning),"CJES_Volume 19_Issue 4_Pages 661-672(1).pdf; PDF p. 2, Preparation of silicate from rice husk"
Mohammadpour_2021,RH-ACS,Rice husk,Rice husk,NR,Thermal preparation of activated carbon-silica,"Thermal treatment, unspecified",Not reported,Ethanol (precursor cleaning),Thermal preparation of activated carbon-silica,None reported,Ethanol (precursor cleaning),400,Pb(II),Pb,II,Synthetic Pb/Cd solution in distilled water,30,NR,NR,NR,NR,NR,8.95,NR,Langmuir,NR,NR,NR,NR,4,NR,NR,Thermal treatment (atmosphere unclear),Unclear,None reported,Ethanol (precursor cleaning),"CJES_Volume 19_Issue 4_Pages 661-672(1).pdf; PDF p. 2, Preparation of silicate from rice husk"
Mohammadpour_2021,RH-ACS,Rice husk,Rice husk,NR,Thermal preparation of activated carbon-silica,"Thermal treatment, unspecified",Not reported,Ethanol (precursor cleaning),Thermal preparation of activated carbon-silica,None reported,Ethanol (precursor cleaning),400,Pb(II),Pb,II,Synthetic Pb/Cd solution in distilled water,30,NR,NR,NR,NR,NR,10.4,NR,Langmuir,NR,NR,NR,NR,8,NR,NR,Thermal treatment (atmosphere unclear),Unclear,None reported,Ethanol (precursor cleaning),"CJES_Volume 19_Issue 4_Pages 661-672(1).pdf; PDF p. 2, Preparation of silicate from rice husk"
Mohammadpour_2021,RH-ACS,Rice husk,Rice husk,NR,Thermal preparation of activated carbon-silica,"Thermal treatment, unspecified",Not reported,Ethanol (precursor cleaning),Thermal preparation of activated carbon-silica,None reported,Ethanol (precursor cleaning),400,Pb(II),Pb,II,Synthetic Pb/Cd solution in distilled water,10,1,30,NR,98.8,NR,NR,NR,NR,NR,NR,NR,NR,6,NR,NR,Thermal treatment (atmosphere unclear),Unclear,None reported,Ethanol (precursor cleaning),"CJES_Volume 19_Issue 4_Pages 661-672(1).pdf; PDF p. 2, Preparation of silicate from rice husk"
Mohammadpour_2021,RH-ACS,Rice husk,Rice husk,NR,Thermal preparation of activated carbon-silica,"Thermal treatment, unspecified",Not reported,Ethanol (precursor cleaning),Thermal preparation of activated carbon-silica,None reported,Ethanol (precursor cleaning),400,Pb(II),Pb,II,Synthetic Pb/Cd solution in distilled water,50,1,30,NR,21.8,NR,NR,NR,NR,NR,NR,NR,NR,6,NR,NR,Thermal treatment (atmosphere unclear),Unclear,None reported,Ethanol (precursor cleaning),"CJES_Volume 19_Issue 4_Pages 661-672(1).pdf; PDF p. 2, Preparation of silicate from rice husk"
Mohammadpour_2021,RH-ACS,Rice husk,Rice husk,NR,Thermal preparation of activated carbon-silica,"Thermal treatment, unspecified",Not reported,Ethanol (precursor cleaning),Thermal preparation of activated carbon-silica,None reported,Ethanol (precursor cleaning),400,Pb(II),Pb,II,Synthetic Pb/Cd solution in distilled water,10,1,30,NR,94.8,NR,NR,NR,NR,NR,NR,NR,NR,6,NR,NR,Thermal treatment (atmosphere unclear),Unclear,None reported,Ethanol (precursor cleaning),"CJES_Volume 19_Issue 4_Pages 661-672(1).pdf; PDF p. 2, Preparation of silicate from rice husk"
Okonkwo_2025,CS-AC,Coconut shell,Coconut shell,NR,H3PO4 impregnation + thermal activation,"Thermal treatment, unspecified",Chemical activation,H3PO4,H3PO4 impregnation + thermal activation,None reported,H3PO4,250,Cd(II),Cd,II,"Industrial paint wastewater, Ibadan",16,20,30,NR,74,0.593,NR,Pseudo-second-order,NR,NR,NR,NR,NR,NR,NR,NR,Pyrolysis,Chemical activation,None reported,H3PO4,"coconut-shell-derived-activated-carbon-for-heavy-metal-removal-from-industrial-wastewater-in-ibadan-nigeria(1).pdf; PDF p. 5, Sections 3.3.2.1-3.3.2.2"
Okonkwo_2025,CS-AC,Coconut shell,Coconut shell,NR,H3PO4 impregnation + thermal activation,"Thermal treatment, unspecified",Chemical activation,H3PO4,H3PO4 impregnation + thermal activation,None reported,H3PO4,250,Cd(II),Cd,II,"Industrial paint wastewater, Ibadan",16,20,30,NR,73,0.581,NR,Pseudo-second-order,NR,NR,NR,NR,NR,NR,NR,NR,Pyrolysis,Chemical activation,None reported,H3PO4,"coconut-shell-derived-activated-carbon-for-heavy-metal-removal-from-industrial-wastewater-in-ibadan-nigeria(1).pdf; PDF p. 5, Sections 3.3.2.1-3.3.2.2"
Okonkwo_2025,CS-AC,Coconut shell,Coconut shell,NR,H3PO4 impregnation + thermal activation,"Thermal treatment, unspecified",Chemical activation,H3PO4,H3PO4 impregnation + thermal activation,None reported,H3PO4,250,Cd(II),Cd,II,"Industrial paint wastewater, Ibadan",16,20,30,NR,69,0.548,NR,Pseudo-second-order,NR,NR,NR,NR,NR,NR,NR,NR,Pyrolysis,Chemical activation,None reported,H3PO4,"coconut-shell-derived-activated-carbon-for-heavy-metal-removal-from-industrial-wastewater-in-ibadan-nigeria(1).pdf; PDF p. 5, Sections 3.3.2.1-3.3.2.2"
Okonkwo_2025,CS-AC,Coconut shell,Coconut shell,NR,H3PO4 impregnation + thermal activation,"Thermal treatment, unspecified",Chemical activation,H3PO4,H3PO4 impregnation + thermal activation,None reported,H3PO4,250,Cd(II),Cd,II,"Industrial paint wastewater, Ibadan",16,20,30,NR,61,0.484,NR,Pseudo-second-order,NR,NR,NR,NR,NR,NR,NR,NR,Pyrolysis,Chemical activation,None reported,H3PO4,"coconut-shell-derived-activated-carbon-for-heavy-metal-removal-from-industrial-wastewater-in-ibadan-nigeria(1).pdf; PDF p. 5, Sections 3.3.2.1-3.3.2.2"
Okonkwo_2025,CS-AC,Coconut shell,Coconut shell,NR,H3PO4 impregnation + thermal activation,"Thermal treatment, unspecified",Chemical activation,H3PO4,H3PO4 impregnation + thermal activation,None reported,H3PO4,250,Cd(II),Cd,II,"Industrial paint wastewater, Ibadan",16,8,60,NR,54,0.434,NR,Pseudo-second-order,NR,NR,NR,NR,NR,NR,NR,NR,Pyrolysis,Chemical activation,None reported,H3PO4,"coconut-shell-derived-activated-carbon-for-heavy-metal-removal-from-industrial-wastewater-in-ibadan-nigeria(1).pdf; PDF p. 5, Sections 3.3.2.1-3.3.2.2"
Okonkwo_2025,CS-AC,Coconut shell,Coconut shell,NR,H3PO4 impregnation + thermal activation,"Thermal treatment, unspecified",Chemical activation,H3PO4,H3PO4 impregnation + thermal activation,None reported,H3PO4,250,Cd(II),Cd,II,"Industrial paint wastewater, Ibadan",16,12,60,NR,62,0.499,NR,Pseudo-second-order,NR,NR,NR,NR,NR,NR,NR,NR,Pyrolysis,Chemical activation,None reported,H3PO4,"coconut-shell-derived-activated-carbon-for-heavy-metal-removal-from-industrial-wastewater-in-ibadan-nigeria(1).pdf; PDF p. 5, Sections 3.3.2.1-3.3.2.2"
Okonkwo_2025,CS-AC,Coconut shell,Coconut shell,NR,H3PO4 impregnation + thermal activation,"Thermal treatment, unspecified",Chemical activation,H3PO4,H3PO4 impregnation + thermal activation,None reported,H3PO4,250,Cd(II),Cd,II,"Industrial paint wastewater, Ibadan",16,16,60,NR,72,0.569,NR,Pseudo-second-order,NR,NR,NR,NR,NR,NR,NR,NR,Pyrolysis,Chemical activation,None reported,H3PO4,"coconut-shell-derived-activated-carbon-for-heavy-metal-removal-from-industrial-wastewater-in-ibadan-nigeria(1).pdf; PDF p. 5, Sections 3.3.2.1-3.3.2.2"
Okonkwo_2025,CS-AC,Coconut shell,Coconut shell,NR,H3PO4 impregnation + thermal activation,"Thermal treatment, unspecified",Chemical activation,H3PO4,H3PO4 impregnation + thermal activation,None reported,H3PO4,250,Cd(II),Cd,II,"Industrial paint wastewater, Ibadan",16,20,60,NR,76,0.607,NR,Pseudo-second-order,NR,NR,NR,NR,NR,NR,NR,NR,Pyrolysis,Chemical activation,None reported,H3PO4,"coconut-shell-derived-activated-carbon-for-heavy-metal-removal-from-industrial-wastewater-in-ibadan-nigeria(1).pdf; PDF p. 5, Sections 3.3.2.1-3.3.2.2"
Okonkwo_2025,CS-AC,Coconut shell,Coconut shell,NR,H3PO4 impregnation + thermal activation,"Thermal treatment, unspecified",Chemical activation,H3PO4,H3PO4 impregnation + thermal activation,None reported,H3PO4,250,Cd(II),Cd,II,"Industrial paint wastewater, Ibadan",16,NR,30,NR,55,0.44,NR,Pseudo-second-order,NR,NR,NR,NR,NR,2,NR,NR,Pyrolysis,Chemical activation,None reported,H3PO4,"coconut-shell-derived-activated-carbon-for-heavy-metal-removal-from-industrial-wastewater-in-ibadan-nigeria(1).pdf; PDF p. 5, Sections 3.3.2.1-3.3.2.2"
Okonkwo_2025,CS-AC,Coconut shell,Coconut shell,NR,H3PO4 impregnation + thermal activation,"Thermal treatment, unspecified",Chemical activation,H3PO4,H3PO4 impregnation + thermal activation,None reported,H3PO4,250,Cd(II),Cd,II,"Industrial paint wastewater, Ibadan",16,NR,30,NR,65,0.523,NR,Pseudo-second-order,NR,NR,NR,NR,NR,4,NR,NR,Pyrolysis,Chemical activation,None reported,H3PO4,"coconut-shell-derived-activated-carbon-for-heavy-metal-removal-from-industrial-wastewater-in-ibadan-nigeria(1).pdf; PDF p. 5, Sections 3.3.2.1-3.3.2.2"
Okonkwo_2025,CS-AC,Coconut shell,Coconut shell,NR,H3PO4 impregnation + thermal activation,"Thermal treatment, unspecified",Chemical activation,H3PO4,H3PO4 impregnation + thermal activation,None reported,H3PO4,250,Cd(II),Cd,II,"Industrial paint wastewater, Ibadan",16,NR,30,NR,73,0.586,NR,Pseudo-second-order,NR,NR,NR,NR,NR,6,NR,NR,Pyrolysis,Chemical activation,None reported,H3PO4,"coconut-shell-derived-activated-carbon-for-heavy-metal-removal-from-industrial-wastewater-in-ibadan-nigeria(1).pdf; PDF p. 5, Sections 3.3.2.1-3.3.2.2"
Okonkwo_2025,CS-AC,Coconut shell,Coconut shell,NR,H3PO4 impregnation + thermal activation,"Thermal treatment, unspecified",Chemical activation,H3PO4,H3PO4 impregnation + thermal activation,None reported,H3PO4,250,Cd(II),Cd,II,"Industrial paint wastewater, Ibadan",16,NR,30,NR,67,0.54,NR,Pseudo-second-order,NR,NR,NR,NR,NR,10,NR,NR,Pyrolysis,Chemical activation,None reported,H3PO4,"coconut-shell-derived-activated-carbon-for-heavy-metal-removal-from-industrial-wastewater-in-ibadan-nigeria(1).pdf; PDF p. 5, Sections 3.3.2.1-3.3.2.2"
Okonkwo_2025,CS-AC,Coconut shell,Coconut shell,NR,H3PO4 impregnation + thermal activation,"Thermal treatment, unspecified",Chemical activation,H3PO4,H3PO4 impregnation + thermal activation,None reported,H3PO4,250,Cd(II),Cd,II,"Industrial paint wastewater, Ibadan",16,20,30,NR,54,0.434,NR,Pseudo-second-order,NR,NR,NR,NR,NR,NR,NR,NR,Pyrolysis,Chemical activation,None reported,H3PO4,"coconut-shell-derived-activated-carbon-for-heavy-metal-removal-from-industrial-wastewater-in-ibadan-nigeria(1).pdf; PDF p. 5, Sections 3.3.2.1-3.3.2.2"
Okonkwo_2025,CS-AC,Coconut shell,Coconut shell,NR,H3PO4 impregnation + thermal activation,"Thermal treatment, unspecified",Chemical activation,H3PO4,H3PO4 impregnation + thermal activation,None reported,H3PO4,250,Cd(II),Cd,II,"Industrial paint wastewater, Ibadan",16,20,40,NR,62,0.499,NR,Pseudo-second-order,NR,NR,NR,NR,NR,NR,NR,NR,Pyrolysis,Chemical activation,None reported,H3PO4,"coconut-shell-derived-activated-carbon-for-heavy-metal-removal-from-industrial-wastewater-in-ibadan-nigeria(1).pdf; PDF p. 5, Sections 3.3.2.1-3.3.2.2"
Okonkwo_2025,CS-AC,Coconut shell,Coconut shell,NR,H3PO4 impregnation + thermal activation,"Thermal treatment, unspecified",Chemical activation,H3PO4,H3PO4 impregnation + thermal activation,None reported,H3PO4,250,Cd(II),Cd,II,"Industrial paint wastewater, Ibadan",16,20,50,NR,72,0.569,NR,Pseudo-second-order,NR,NR,NR,NR,NR,NR,NR,NR,Pyrolysis,Chemical activation,None reported,H3PO4,"coconut-shell-derived-activated-carbon-for-heavy-metal-removal-from-industrial-wastewater-in-ibadan-nigeria(1).pdf; PDF p. 5, Sections 3.3.2.1-3.3.2.2"
Okonkwo_2025,CS-AC,Coconut shell,Coconut shell,NR,H3PO4 impregnation + thermal activation,"Thermal treatment, unspecified",Chemical activation,H3PO4,H3PO4 impregnation + thermal activation,None reported,H3PO4,250,Cd(II),Cd,II,"Industrial paint wastewater, Ibadan",16,20,60,NR,76,0.607,NR,Pseudo-second-order,NR,NR,NR,NR,NR,NR,NR,NR,Pyrolysis,Chemical activation,None reported,H3PO4,"coconut-shell-derived-activated-carbon-for-heavy-metal-removal-from-industrial-wastewater-in-ibadan-nigeria(1).pdf; PDF p. 5, Sections 3.3.2.1-3.3.2.2"
Okonkwo_2025,CS-AC,Coconut shell,Coconut shell,NR,H3PO4 impregnation + thermal activation,"Thermal treatment, unspecified",Chemical activation,H3PO4,H3PO4 impregnation + thermal activation,None reported,H3PO4,250,Pb(II),Pb,II,"Industrial paint wastewater, Ibadan",16.28,20,30,NR,76,0.619,NR,Pseudo-second-order,NR,NR,NR,NR,NR,NR,NR,NR,Pyrolysis,Chemical activation,None reported,H3PO4,"coconut-shell-derived-activated-carbon-for-heavy-metal-removal-from-industrial-wastewater-in-ibadan-nigeria(1).pdf; PDF p. 5, Sections 3.3.2.1-3.3.2.2"
Okonkwo_2025,CS-AC,Coconut shell,Coconut shell,NR,H3PO4 impregnation + thermal activation,"Thermal treatment, unspecified",Chemical activation,H3PO4,H3PO4 impregnation + thermal activation,None reported,H3PO4,250,Pb(II),Pb,II,"Industrial paint wastewater, Ibadan",16.28,20,30,NR,74,0.604,NR,Pseudo-second-order,NR,NR,NR,NR,NR,NR,NR,NR,Pyrolysis,Chemical activation,None reported,H3PO4,"coconut-shell-derived-activated-carbon-for-heavy-metal-removal-from-industrial-wastewater-in-ibadan-nigeria(1).pdf; PDF p. 5, Sections 3.3.2.1-3.3.2.2"
Okonkwo_2025,CS-AC,Coconut shell,Coconut shell,NR,H3PO4 impregnation + thermal activation,"Thermal treatment, unspecified",Chemical activation,H3PO4,H3PO4 impregnation + thermal activation,None reported,H3PO4,250,Pb(II),Pb,II,"Industrial paint wastewater, Ibadan",16.28,20,30,NR,69,0.562,NR,Pseudo-second-order,NR,NR,NR,NR,NR,NR,NR,NR,Pyrolysis,Chemical activation,None reported,H3PO4,"coconut-shell-derived-activated-carbon-for-heavy-metal-removal-from-industrial-wastewater-in-ibadan-nigeria(1).pdf; PDF p. 5, Sections 3.3.2.1-3.3.2.2"
Okonkwo_2025,CS-AC,Coconut shell,Coconut shell,NR,H3PO4 impregnation + thermal activation,"Thermal treatment, unspecified",Chemical activation,H3PO4,H3PO4 impregnation + thermal activation,None reported,H3PO4,250,Pb(II),Pb,II,"Industrial paint wastewater, Ibadan",16.28,20,30,NR,61,0.515,NR,Pseudo-second-order,NR,NR,NR,NR,NR,NR,NR,NR,Pyrolysis,Chemical activation,None reported,H3PO4,"coconut-shell-derived-activated-carbon-for-heavy-metal-removal-from-industrial-wastewater-in-ibadan-nigeria(1).pdf; PDF p. 5, Sections 3.3.2.1-3.3.2.2"
Okonkwo_2025,CS-AC,Coconut shell,Coconut shell,NR,H3PO4 impregnation + thermal activation,"Thermal treatment, unspecified",Chemical activation,H3PO4,H3PO4 impregnation + thermal activation,None reported,H3PO4,250,Pb(II),Pb,II,"Industrial paint wastewater, Ibadan",16.28,8,60,NR,64,1.31,NR,Pseudo-second-order,NR,NR,NR,NR,NR,NR,NR,NR,Pyrolysis,Chemical activation,None reported,H3PO4,"coconut-shell-derived-activated-carbon-for-heavy-metal-removal-from-industrial-wastewater-in-ibadan-nigeria(1).pdf; PDF p. 5, Sections 3.3.2.1-3.3.2.2"
Okonkwo_2025,CS-AC,Coconut shell,Coconut shell,NR,H3PO4 impregnation + thermal activation,"Thermal treatment, unspecified",Chemical activation,H3PO4,H3PO4 impregnation + thermal activation,None reported,H3PO4,250,Pb(II),Pb,II,"Industrial paint wastewater, Ibadan",16.28,12,60,NR,70,0.948,NR,Pseudo-second-order,NR,NR,NR,NR,NR,NR,NR,NR,Pyrolysis,Chemical activation,None reported,H3PO4,"coconut-shell-derived-activated-carbon-for-heavy-metal-removal-from-industrial-wastewater-in-ibadan-nigeria(1).pdf; PDF p. 5, Sections 3.3.2.1-3.3.2.2"
Okonkwo_2025,CS-AC,Coconut shell,Coconut shell,NR,H3PO4 impregnation + thermal activation,"Thermal treatment, unspecified",Chemical activation,H3PO4,H3PO4 impregnation + thermal activation,None reported,H3PO4,250,Pb(II),Pb,II,"Industrial paint wastewater, Ibadan",16.28,16,60,NR,74,0.755,NR,Pseudo-second-order,NR,NR,NR,NR,NR,NR,NR,NR,Pyrolysis,Chemical activation,None reported,H3PO4,"coconut-shell-derived-activated-carbon-for-heavy-metal-removal-from-industrial-wastewater-in-ibadan-nigeria(1).pdf; PDF p. 5, Sections 3.3.2.1-3.3.2.2"
Okonkwo_2025,CS-AC,Coconut shell,Coconut shell,NR,H3PO4 impregnation + thermal activation,"Thermal treatment, unspecified",Chemical activation,H3PO4,H3PO4 impregnation + thermal activation,None reported,H3PO4,250,Pb(II),Pb,II,"Industrial paint wastewater, Ibadan",16.28,20,60,NR,77,0.627,NR,Pseudo-second-order,NR,NR,NR,NR,NR,NR,NR,NR,Pyrolysis,Chemical activation,None reported,H3PO4,"coconut-shell-derived-activated-carbon-for-heavy-metal-removal-from-industrial-wastewater-in-ibadan-nigeria(1).pdf; PDF p. 5, Sections 3.3.2.1-3.3.2.2"
Okonkwo_2025,CS-AC,Coconut shell,Coconut shell,NR,H3PO4 impregnation + thermal activation,"Thermal treatment, unspecified",Chemical activation,H3PO4,H3PO4 impregnation + thermal activation,None reported,H3PO4,250,Pb(II),Pb,II,"Industrial paint wastewater, Ibadan",16.28,NR,30,NR,56,0.454,NR,Pseudo-second-order,NR,NR,NR,NR,NR,2,NR,NR,Pyrolysis,Chemical activation,None reported,H3PO4,"coconut-shell-derived-activated-carbon-for-heavy-metal-removal-from-industrial-wastewater-in-ibadan-nigeria(1).pdf; PDF p. 5, Sections 3.3.2.1-3.3.2.2"
Okonkwo_2025,CS-AC,Coconut shell,Coconut shell,NR,H3PO4 impregnation + thermal activation,"Thermal treatment, unspecified",Chemical activation,H3PO4,H3PO4 impregnation + thermal activation,None reported,H3PO4,250,Pb(II),Pb,II,"Industrial paint wastewater, Ibadan",16.28,NR,30,NR,66,0.54,NR,Pseudo-second-order,NR,NR,NR,NR,NR,4,NR,NR,Pyrolysis,Chemical activation,None reported,H3PO4,"coconut-shell-derived-activated-carbon-for-heavy-metal-removal-from-industrial-wastewater-in-ibadan-nigeria(1).pdf; PDF p. 5, Sections 3.3.2.1-3.3.2.2"
Okonkwo_2025,CS-AC,Coconut shell,Coconut shell,NR,H3PO4 impregnation + thermal activation,"Thermal treatment, unspecified",Chemical activation,H3PO4,H3PO4 impregnation + thermal activation,None reported,H3PO4,250,Pb(II),Pb,II,"Industrial paint wastewater, Ibadan",16.28,NR,30,NR,75,0.609,NR,Pseudo-second-order,NR,NR,NR,NR,NR,6,NR,NR,Pyrolysis,Chemical activation,None reported,H3PO4,"coconut-shell-derived-activated-carbon-for-heavy-metal-removal-from-industrial-wastewater-in-ibadan-nigeria(1).pdf; PDF p. 5, Sections 3.3.2.1-3.3.2.2"
Okonkwo_2025,CS-AC,Coconut shell,Coconut shell,NR,H3PO4 impregnation + thermal activation,"Thermal treatment, unspecified",Chemical activation,H3PO4,H3PO4 impregnation + thermal activation,None reported,H3PO4,250,Pb(II),Pb,II,"Industrial paint wastewater, Ibadan",16.28,NR,30,NR,56,0.454,NR,Pseudo-second-order,NR,NR,NR,NR,NR,10,NR,NR,Pyrolysis,Chemical activation,None reported,H3PO4,"coconut-shell-derived-activated-carbon-for-heavy-metal-removal-from-industrial-wastewater-in-ibadan-nigeria(1).pdf; PDF p. 5, Sections 3.3.2.1-3.3.2.2"
Okonkwo_2025,CS-AC,Coconut shell,Coconut shell,NR,H3PO4 impregnation + thermal activation,"Thermal treatment, unspecified",Chemical activation,H3PO4,H3PO4 impregnation + thermal activation,None reported,H3PO4,250,Pb(II),Pb,II,"Industrial paint wastewater, Ibadan",16.28,20,30,NR,57,0.464,NR,Pseudo-second-order,NR,NR,NR,NR,NR,NR,NR,NR,Pyrolysis,Chemical activation,None reported,H3PO4,"coconut-shell-derived-activated-carbon-for-heavy-metal-removal-from-industrial-wastewater-in-ibadan-nigeria(1).pdf; PDF p. 5, Sections 3.3.2.1-3.3.2.2"
Okonkwo_2025,CS-AC,Coconut shell,Coconut shell,NR,H3PO4 impregnation + thermal activation,"Thermal treatment, unspecified",Chemical activation,H3PO4,H3PO4 impregnation + thermal activation,None reported,H3PO4,250,Pb(II),Pb,II,"Industrial paint wastewater, Ibadan",16.28,20,40,NR,65,0.531,NR,Pseudo-second-order,NR,NR,NR,NR,NR,NR,NR,NR,Pyrolysis,Chemical activation,None reported,H3PO4,"coconut-shell-derived-activated-carbon-for-heavy-metal-removal-from-industrial-wastewater-in-ibadan-nigeria(1).pdf; PDF p. 5, Sections 3.3.2.1-3.3.2.2"
Okonkwo_2025,CS-AC,Coconut shell,Coconut shell,NR,H3PO4 impregnation + thermal activation,"Thermal treatment, unspecified",Chemical activation,H3PO4,H3PO4 impregnation + thermal activation,None reported,H3PO4,250,Pb(II),Pb,II,"Industrial paint wastewater, Ibadan",16.28,20,50,NR,73,0.597,NR,Pseudo-second-order,NR,NR,NR,NR,NR,NR,NR,NR,Pyrolysis,Chemical activation,None reported,H3PO4,"coconut-shell-derived-activated-carbon-for-heavy-metal-removal-from-industrial-wastewater-in-ibadan-nigeria(1).pdf; PDF p. 5, Sections 3.3.2.1-3.3.2.2"
Okonkwo_2025,CS-AC,Coconut shell,Coconut shell,NR,H3PO4 impregnation + thermal activation,"Thermal treatment, unspecified",Chemical activation,H3PO4,H3PO4 impregnation + thermal activation,None reported,H3PO4,250,Pb(II),Pb,II,"Industrial paint wastewater, Ibadan",16.28,20,60,NR,80,0.654,NR,Pseudo-second-order,NR,NR,NR,NR,NR,NR,NR,NR,Pyrolysis,Chemical activation,None reported,H3PO4,"coconut-shell-derived-activated-carbon-for-heavy-metal-removal-from-industrial-wastewater-in-ibadan-nigeria(1).pdf; PDF p. 5, Sections 3.3.2.1-3.3.2.2"
Okpara_2020,MCSAC,Coconut shell,Coconut shell,NR,Pyrolysis + urea-immobilized polysiloxane modification,Pyrolysis,Polymer functionalisation,Urea-immobilised polysiloxane (tetraethoxysilane; 3-chloropropyltriethoxysilane; urea; HCl; NaOH),Pyrolysis + urea-immobilized polysiloxane modification,Polymer functionalization,Urea-immobilized polysiloxane (tetraethoxysilane; 3-chloropropyltriethoxysilane; urea; HCl; NaOH),650,Pb(II),Pb,II,Synthetic aqueous solution,200,20,20,NR,99.9,NR,NR,NR,NR,NR,NR,NR,NR,8,NR,NR,Pyrolysis,None reported,Polymer functionalization,Urea-immobilized polysiloxane (tetraethoxysilane; 3-chloropropyltriethoxysilane; urea; HCl; NaOH),"PublishedarticleinInternationalJournalofChemicalScience.pdf; PDF p. 2, Sections 2.2.1-2.2.3"
Okpara_2020,MCSAC,Coconut shell,Coconut shell,NR,Pyrolysis + urea-immobilized polysiloxane modification,Pyrolysis,Polymer functionalisation,Urea-immobilised polysiloxane (tetraethoxysilane; 3-chloropropyltriethoxysilane; urea; HCl; NaOH),Pyrolysis + urea-immobilized polysiloxane modification,Polymer functionalization,Urea-immobilized polysiloxane (tetraethoxysilane; 3-chloropropyltriethoxysilane; urea; HCl; NaOH),650,Pb(II),Pb,II,Synthetic aqueous solution,200,20,NR,NR,NR,1666.7,NR,NR,NR,NR,NR,NR,NR,8,NR,NR,Pyrolysis,None reported,Polymer functionalization,Urea-immobilized polysiloxane (tetraethoxysilane; 3-chloropropyltriethoxysilane; urea; HCl; NaOH),"PublishedarticleinInternationalJournalofChemicalScience.pdf; PDF p. 2, Sections 2.2.1-2.2.3"
Okpara_2020,MCSAC,Coconut shell,Coconut shell,NR,Pyrolysis + urea-immobilized polysiloxane modification,Pyrolysis,Polymer functionalisation,Urea-immobilised polysiloxane (tetraethoxysilane; 3-chloropropyltriethoxysilane; urea; HCl; NaOH),Pyrolysis + urea-immobilized polysiloxane modification,Polymer functionalization,Urea-immobilized polysiloxane (tetraethoxysilane; 3-chloropropyltriethoxysilane; urea; HCl; NaOH),650,Pb(II),Pb,II,Synthetic aqueous solution,200,20,NR,NR,NR,1428.6,NR,NR,NR,NR,NR,NR,NR,8,NR,NR,Pyrolysis,None reported,Polymer functionalization,Urea-immobilized polysiloxane (tetraethoxysilane; 3-chloropropyltriethoxysilane; urea; HCl; NaOH),"PublishedarticleinInternationalJournalofChemicalScience.pdf; PDF p. 2, Sections 2.2.1-2.2.3"
Okpara_2020,MCSAC,Coconut shell,Coconut shell,NR,Pyrolysis + urea-immobilized polysiloxane modification,Pyrolysis,Polymer functionalisation,Urea-immobilised polysiloxane (tetraethoxysilane; 3-chloropropyltriethoxysilane; urea; HCl; NaOH),Pyrolysis + urea-immobilized polysiloxane modification,Polymer functionalization,Urea-immobilized polysiloxane (tetraethoxysilane; 3-chloropropyltriethoxysilane; urea; HCl; NaOH),650,Pb(II),Pb,II,Synthetic aqueous solution,200,20,15,NR,NR,1687.75,NR,NR,NR,NR,NR,NR,NR,8,NR,NR,Pyrolysis,None reported,Polymer functionalization,Urea-immobilized polysiloxane (tetraethoxysilane; 3-chloropropyltriethoxysilane; urea; HCl; NaOH),"PublishedarticleinInternationalJournalofChemicalScience.pdf; PDF p. 2, Sections 2.2.1-2.2.3"
Okpara_2020,MCSAC,Coconut shell,Coconut shell,NR,Pyrolysis + urea-immobilized polysiloxane modification,Pyrolysis,Polymer functionalisation,Urea-immobilised polysiloxane (tetraethoxysilane; 3-chloropropyltriethoxysilane; urea; HCl; NaOH),Pyrolysis + urea-immobilized polysiloxane modification,Polymer functionalization,Urea-immobilized polysiloxane (tetraethoxysilane; 3-chloropropyltriethoxysilane; urea; HCl; NaOH),650,Pb(II),Pb,II,Synthetic aqueous solution,200,20,15,NR,NR,1685.55,NR,NR,NR,NR,NR,NR,NR,8,NR,NR,Pyrolysis,None reported,Polymer functionalization,Urea-immobilized polysiloxane (tetraethoxysilane; 3-chloropropyltriethoxysilane; urea; HCl; NaOH),"PublishedarticleinInternationalJournalofChemicalScience.pdf; PDF p. 2, Sections 2.2.1-2.2.3"
Okpara_2020,MCSAC,Coconut shell,Coconut shell,NR,Pyrolysis + urea-immobilized polysiloxane modification,Pyrolysis,Polymer functionalisation,Urea-immobilised polysiloxane (tetraethoxysilane; 3-chloropropyltriethoxysilane; urea; HCl; NaOH),Pyrolysis + urea-immobilized polysiloxane modification,Polymer functionalization,Urea-immobilized polysiloxane (tetraethoxysilane; 3-chloropropyltriethoxysilane; urea; HCl; NaOH),650,Pb(II),Pb,II,Synthetic aqueous solution,200,20,15,NR,NR,1664.5,NR,NR,NR,NR,NR,NR,NR,8,NR,NR,Pyrolysis,None reported,Polymer functionalization,Urea-immobilized polysiloxane (tetraethoxysilane; 3-chloropropyltriethoxysilane; urea; HCl; NaOH),"PublishedarticleinInternationalJournalofChemicalScience.pdf; PDF p. 2, Sections 2.2.1-2.2.3"
Okpara_2020,MCSAC,Coconut shell,Coconut shell,NR,Pyrolysis + urea-immobilized polysiloxane modification,Pyrolysis,Polymer functionalisation,Urea-immobilised polysiloxane (tetraethoxysilane; 3-chloropropyltriethoxysilane; urea; HCl; NaOH),Pyrolysis + urea-immobilized polysiloxane modification,Polymer functionalization,Urea-immobilized polysiloxane (tetraethoxysilane; 3-chloropropyltriethoxysilane; urea; HCl; NaOH),650,Pb(II),Pb,II,Synthetic aqueous solution,200,20,15,NR,NR,1656.1,NR,NR,NR,NR,NR,NR,NR,8,NR,NR,Pyrolysis,None reported,Polymer functionalization,Urea-immobilized polysiloxane (tetraethoxysilane; 3-chloropropyltriethoxysilane; urea; HCl; NaOH),"PublishedarticleinInternationalJournalofChemicalScience.pdf; PDF p. 2, Sections 2.2.1-2.2.3"
Perera_2023,AC03,Rice husk,Rice husk,NR,HCl activation,Not reported,Acid treatment,HCl,HCl activation,Acid treatment,HCl,399.85,Pb(II),Pb,II,Synthetic aqueous Pb solution in deionized water,5,NR,60,NR,93.3,NR,NR,NR,NR,NR,2,NR,NR,7,SD,NR,Pyrolysis,Unclear,Acid treatment,HCl,"full_text_1306.pdf; PDF pp. 2-3, Sections 2.3 and 2.9"
Perera_2023,ACCHM,Rice husk + shrimp-shell chitosan,Rice husk,Shrimp-shell chitosan,HCl activation + chitosan coating,Not reported,Acid treatment; polymer functionalisation,HCl; chitosan; acetic acid,HCl activation + chitosan coating,Acid treatment; polymer functionalization,HCl; chitosan; acetic acid,399.85,Pb(II),Pb,II,Synthetic aqueous Pb solution in deionized water,5.5,1,120,NR,NR,NR,24.39,NR,Langmuir,NR,2,Yes; adsorbent with deionized water control,NR,7,SD,NR,Pyrolysis,Unclear,Acid treatment; polymer functionalization,HCl; chitosan; acetic acid,"full_text_1306.pdf; PDF pp. 2-3, Sections 2.3 and 2.9"
Perera_2023,ACCHM,Rice husk + shrimp-shell chitosan,Rice husk,Shrimp-shell chitosan,HCl activation + chitosan coating,Not reported,Acid treatment; polymer functionalisation,HCl; chitosan; acetic acid,HCl activation + chitosan coating,Acid treatment; polymer functionalization,HCl; chitosan; acetic acid,399.85,Pb(II),Pb,II,Synthetic aqueous Pb solution in deionized water,2,NR,60,NR,72,NR,NR,NR,NR,NR,2,Yes; adsorbent with deionized water control,NR,7,SD,NR,Pyrolysis,Unclear,Acid treatment; polymer functionalization,HCl; chitosan; acetic acid,"full_text_1306.pdf; PDF pp. 2-3, Sections 2.3 and 2.9"
Perera_2023,ACCHM,Rice husk + shrimp-shell chitosan,Rice husk,Shrimp-shell chitosan,HCl activation + chitosan coating,Not reported,Acid treatment; polymer functionalisation,HCl; chitosan; acetic acid,HCl activation + chitosan coating,Acid treatment; polymer functionalization,HCl; chitosan; acetic acid,399.85,Pb(II),Pb,II,Synthetic aqueous Pb solution in deionized water,2,1,120,NR,89,NR,NR,NR,NR,NR,2,Yes; adsorbent with deionized water control,NR,5,SD,NR,Pyrolysis,Unclear,Acid treatment; polymer functionalization,HCl; chitosan; acetic acid,"full_text_1306.pdf; PDF pp. 2-3, Sections 2.3 and 2.9"
Perera_2023,ACCHM,Rice husk + shrimp-shell chitosan,Rice husk,Shrimp-shell chitosan,HCl activation + chitosan coating,Not reported,Acid treatment; polymer functionalisation,HCl; chitosan; acetic acid,HCl activation + chitosan coating,Acid treatment; polymer functionalization,HCl; chitosan; acetic acid,399.85,Pb(II),Pb,II,Synthetic aqueous Pb solution in deionized water,2,NR,NR,NR,NR,0.3517,NR,Pseudo-first-order,NR,NR,2,Yes; adsorbent with deionized water control,NR,5,SD,NR,Pyrolysis,Unclear,Acid treatment; polymer functionalization,HCl; chitosan; acetic acid,"full_text_1306.pdf; PDF pp. 2-3, Sections 2.3 and 2.9"
Perera_2023,ACCHM,Rice husk + shrimp-shell chitosan,Rice husk,Shrimp-shell chitosan,HCl activation + chitosan coating,Not reported,Acid treatment; polymer functionalisation,HCl; chitosan; acetic acid,HCl activation + chitosan coating,Acid treatment; polymer functionalization,HCl; chitosan; acetic acid,399.85,Pb(II),Pb,II,Synthetic aqueous Pb solution in deionized water,2,NR,NR,NR,NR,1.9297,NR,Pseudo-second-order,NR,NR,2,Yes; adsorbent with deionized water control,NR,5,SD,NR,Pyrolysis,Unclear,Acid treatment; polymer functionalization,HCl; chitosan; acetic acid,"full_text_1306.pdf; PDF pp. 2-3, Sections 2.3 and 2.9"
Pino_2006,Green_coconut_shell_powder,Coconut shell,Coconut shell,NR,None (raw biosorbent),Raw material,None,None,None (raw biosorbent),None reported,None reported,NA,Cd(II),Cd,II,Synthetic aqueous solution,510,5,120,NR,NR,NR,285.7,NR,Langmuir,NR,NR,NR,NR,NR,NR,NR,Uncarbonized biomass,None reported,None reported,None reported,"pino2006.pdf; PDF p. 2, Section 2.1"
Pino_2006,Green_coconut_shell_powder,Coconut shell,Coconut shell,NR,None (raw biosorbent),Raw material,None,None,None (raw biosorbent),None reported,None reported,NA,Cd(II),Cd,II,Synthetic aqueous solution,80,5,NR,NR,NR,4.589,NR,Pseudo-first-order,NR,NR,NR,NR,NR,NR,NR,NR,Uncarbonized biomass,None reported,None reported,None reported,"pino2006.pdf; PDF p. 2, Section 2.1"
Pino_2006,Green_coconut_shell_powder,Coconut shell,Coconut shell,NR,None (raw biosorbent),Raw material,None,None,None (raw biosorbent),None reported,None reported,NA,Cd(II),Cd,II,Synthetic aqueous solution,80,5,NR,NR,NR,15.31,NR,Pseudo-second-order,NR,NR,NR,NR,NR,NR,NR,NR,Uncarbonized biomass,None reported,None reported,None reported,"pino2006.pdf; PDF p. 2, Section 2.1"
Pino_2006,Green_coconut_shell_powder,Coconut shell,Coconut shell,NR,None (raw biosorbent),Raw material,None,None,None (raw biosorbent),None reported,None reported,NA,Cd(II),Cd,II,Synthetic aqueous solution,80,5,NR,NR,NR,17.68,NR,NR,NR,NR,NR,NR,NR,NR,NR,NR,Uncarbonized biomass,None reported,None reported,None reported,"pino2006.pdf; PDF p. 2, Section 2.1"
Poonam_2018,Bagasse-BC,Sugarcane bagasse,Sugarcane bagasse,NR,Thermal pyrolysis,Pyrolysis,Not reported,Not reported,Thermal pyrolysis,None reported,None reported,300,Pb(II),Pb,II,Battery manufacturing wastewater,2.393,2.5,140,12.628,66.696,NR,NR,Pseudo-second-order,NR,NR,NR,NR,NR,5,NR,NR,Pyrolysis,None reported,None reported,None reported,"Kinetic_study_of_lead_Pb2_removal_from_battery_man.pdf; PDF p. 2, Adsorbent preparation"
Poonam_2018,Bagasse-BC,Sugarcane bagasse,Sugarcane bagasse,NR,Thermal pyrolysis,Pyrolysis,Not reported,Not reported,Thermal pyrolysis,None reported,None reported,300,Pb(II),Pb,II,Battery manufacturing wastewater,2.393,5,140,12.628,75.376,NR,NR,Pseudo-second-order,NR,NR,NR,NR,NR,5,NR,NR,Pyrolysis,None reported,None reported,None reported,"Kinetic_study_of_lead_Pb2_removal_from_battery_man.pdf; PDF p. 2, Adsorbent preparation"
Poonam_2018,Bagasse-BC,Sugarcane bagasse,Sugarcane bagasse,NR,Thermal pyrolysis,Pyrolysis,Not reported,Not reported,Thermal pyrolysis,None reported,None reported,300,Pb(II),Pb,II,Battery manufacturing wastewater,2.393,NR,140,12.628,NR,6.411,NR,Pseudo-second-order,NR,NR,NR,NR,NR,5,NR,NR,Pyrolysis,None reported,None reported,None reported,"Kinetic_study_of_lead_Pb2_removal_from_battery_man.pdf; PDF p. 2, Adsorbent preparation"
Poonam_2018,Bagasse-BC,Sugarcane bagasse,Sugarcane bagasse,NR,Thermal pyrolysis,Pyrolysis,Not reported,Not reported,Thermal pyrolysis,None reported,None reported,300,Pb(II),Pb,II,Battery manufacturing wastewater,2.393,NR,140,12.628,NR,2.471,NR,Pseudo-first-order,NR,NR,NR,NR,NR,5,NR,NR,Pyrolysis,None reported,None reported,None reported,"Kinetic_study_of_lead_Pb2_removal_from_battery_man.pdf; PDF p. 2, Adsorbent preparation"
Poonam_2018,Bagasse-BC,Sugarcane bagasse,Sugarcane bagasse,NR,Thermal pyrolysis,Pyrolysis,Not reported,Not reported,Thermal pyrolysis,None reported,None reported,300,Pb(II),Pb,II,Battery manufacturing wastewater,2.393,NR,140,12.628,NR,6.412,NR,Pseudo-second-order,NR,NR,NR,NR,NR,5,NR,NR,Pyrolysis,None reported,None reported,None reported,"Kinetic_study_of_lead_Pb2_removal_from_battery_man.pdf; PDF p. 2, Adsorbent preparation"
Poonam_2018,Bagasse-BC,Sugarcane bagasse,Sugarcane bagasse,NR,Thermal pyrolysis,Pyrolysis,Not reported,Not reported,Thermal pyrolysis,None reported,None reported,300,Pb(II),Pb,II,Battery manufacturing wastewater,2.393,NR,140,12.628,NR,5.467,NR,Pseudo-second-order,NR,NR,NR,NR,NR,5,NR,NR,Pyrolysis,None reported,None reported,None reported,"Kinetic_study_of_lead_Pb2_removal_from_battery_man.pdf; PDF p. 2, Adsorbent preparation"
Poonam_2018,Bagasse-BC,Sugarcane bagasse,Sugarcane bagasse,NR,Thermal pyrolysis,Pyrolysis,Not reported,Not reported,Thermal pyrolysis,None reported,None reported,300,Pb(II),Pb,II,Battery manufacturing wastewater,2.393,NR,140,12.628,NR,1.758,NR,Pseudo-first-order,NR,NR,NR,NR,NR,5,NR,NR,Pyrolysis,None reported,None reported,None reported,"Kinetic_study_of_lead_Pb2_removal_from_battery_man.pdf; PDF p. 2, Adsorbent preparation"
Poonam_2018,Bagasse-BC,Sugarcane bagasse,Sugarcane bagasse,NR,Thermal pyrolysis,Pyrolysis,Not reported,Not reported,Thermal pyrolysis,None reported,None reported,300,Pb(II),Pb,II,Battery manufacturing wastewater,2.393,NR,140,12.628,NR,5.467,NR,Pseudo-second-order,NR,NR,NR,NR,NR,5,NR,NR,Pyrolysis,None reported,None reported,None reported,"Kinetic_study_of_lead_Pb2_removal_from_battery_man.pdf; PDF p. 2, Adsorbent preparation"
Poonam_2018,Bagasse-BC,Sugarcane bagasse,Sugarcane bagasse,NR,Thermal pyrolysis,Pyrolysis,Not reported,Not reported,Thermal pyrolysis,None reported,None reported,300,Pb(II),Pb,II,Battery manufacturing wastewater,2.393,NR,140,12.628,NR,4.792,NR,Pseudo-second-order,NR,NR,NR,NR,NR,5,NR,NR,Pyrolysis,None reported,None reported,None reported,"Kinetic_study_of_lead_Pb2_removal_from_battery_man.pdf; PDF p. 2, Adsorbent preparation"
Poonam_2018,Bagasse-BC,Sugarcane bagasse,Sugarcane bagasse,NR,Thermal pyrolysis,Pyrolysis,Not reported,Not reported,Thermal pyrolysis,None reported,None reported,300,Pb(II),Pb,II,Battery manufacturing wastewater,2.393,NR,140,12.628,NR,1.227,NR,Pseudo-first-order,NR,NR,NR,NR,NR,5,NR,NR,Pyrolysis,None reported,None reported,None reported,"Kinetic_study_of_lead_Pb2_removal_from_battery_man.pdf; PDF p. 2, Adsorbent preparation"
Poonam_2018,Bagasse-BC,Sugarcane bagasse,Sugarcane bagasse,NR,Thermal pyrolysis,Pyrolysis,Not reported,Not reported,Thermal pyrolysis,None reported,None reported,300,Pb(II),Pb,II,Battery manufacturing wastewater,2.393,NR,140,12.628,NR,4.792,NR,Pseudo-second-order,NR,NR,NR,NR,NR,5,NR,NR,Pyrolysis,None reported,None reported,None reported,"Kinetic_study_of_lead_Pb2_removal_from_battery_man.pdf; PDF p. 2, Adsorbent preparation"
Poonam_2018,Bagasse-BC,Sugarcane bagasse,Sugarcane bagasse,NR,Thermal pyrolysis,Pyrolysis,Not reported,Not reported,Thermal pyrolysis,None reported,None reported,300,Pb(II),Pb,II,Battery manufacturing wastewater,2.393,NR,140,12.628,NR,4.353,NR,Pseudo-second-order,NR,NR,NR,NR,NR,5,NR,NR,Pyrolysis,None reported,None reported,None reported,"Kinetic_study_of_lead_Pb2_removal_from_battery_man.pdf; PDF p. 2, Adsorbent preparation"
Poonam_2018,Bagasse-BC,Sugarcane bagasse,Sugarcane bagasse,NR,Thermal pyrolysis,Pyrolysis,Not reported,Not reported,Thermal pyrolysis,None reported,None reported,300,Pb(II),Pb,II,Battery manufacturing wastewater,2.393,NR,140,12.628,NR,1.135,NR,Pseudo-first-order,NR,NR,NR,NR,NR,5,NR,NR,Pyrolysis,None reported,None reported,None reported,"Kinetic_study_of_lead_Pb2_removal_from_battery_man.pdf; PDF p. 2, Adsorbent preparation"
Poonam_2018,Bagasse-BC,Sugarcane bagasse,Sugarcane bagasse,NR,Thermal pyrolysis,Pyrolysis,Not reported,Not reported,Thermal pyrolysis,None reported,None reported,300,Pb(II),Pb,II,Battery manufacturing wastewater,2.393,NR,140,12.628,NR,4.353,NR,Pseudo-second-order,NR,NR,NR,NR,NR,5,NR,NR,Pyrolysis,None reported,None reported,None reported,"Kinetic_study_of_lead_Pb2_removal_from_battery_man.pdf; PDF p. 2, Adsorbent preparation"
Poonam_2018,Bagasse-BC,Sugarcane bagasse,Sugarcane bagasse,NR,Thermal pyrolysis,Pyrolysis,Not reported,Not reported,Thermal pyrolysis,None reported,None reported,300,Pb(II),Pb,II,Battery manufacturing wastewater,2.393,NR,140,12.628,NR,3.834,NR,Pseudo-second-order,NR,NR,NR,NR,NR,5,NR,NR,Pyrolysis,None reported,None reported,None reported,"Kinetic_study_of_lead_Pb2_removal_from_battery_man.pdf; PDF p. 2, Adsorbent preparation"
Poonam_2018,Bagasse-BC,Sugarcane bagasse,Sugarcane bagasse,NR,Thermal pyrolysis,Pyrolysis,Not reported,Not reported,Thermal pyrolysis,None reported,None reported,300,Pb(II),Pb,II,Battery manufacturing wastewater,2.393,NR,140,12.628,NR,1.086,NR,Pseudo-first-order,NR,NR,NR,NR,NR,5,NR,NR,Pyrolysis,None reported,None reported,None reported,"Kinetic_study_of_lead_Pb2_removal_from_battery_man.pdf; PDF p. 2, Adsorbent preparation"
Poonam_2018,Bagasse-BC,Sugarcane bagasse,Sugarcane bagasse,NR,Thermal pyrolysis,Pyrolysis,Not reported,Not reported,Thermal pyrolysis,None reported,None reported,300,Pb(II),Pb,II,Battery manufacturing wastewater,2.393,NR,140,12.628,NR,3.834,NR,Pseudo-second-order,NR,NR,NR,NR,NR,5,NR,NR,Pyrolysis,None reported,None reported,None reported,"Kinetic_study_of_lead_Pb2_removal_from_battery_man.pdf; PDF p. 2, Adsorbent preparation"
Poonam_2018,Bagasse-BC,Sugarcane bagasse,Sugarcane bagasse,NR,Thermal pyrolysis,Pyrolysis,Not reported,Not reported,Thermal pyrolysis,None reported,None reported,300,Pb(II),Pb,II,Battery manufacturing wastewater,2.393,NR,140,12.628,NR,3.621,NR,Pseudo-second-order,NR,NR,NR,NR,NR,5,NR,NR,Pyrolysis,None reported,None reported,None reported,"Kinetic_study_of_lead_Pb2_removal_from_battery_man.pdf; PDF p. 2, Adsorbent preparation"
Poonam_2018,Bagasse-BC,Sugarcane bagasse,Sugarcane bagasse,NR,Thermal pyrolysis,Pyrolysis,Not reported,Not reported,Thermal pyrolysis,None reported,None reported,300,Pb(II),Pb,II,Battery manufacturing wastewater,2.393,NR,140,12.628,NR,1.432,NR,Pseudo-first-order,NR,NR,NR,NR,NR,5,NR,NR,Pyrolysis,None reported,None reported,None reported,"Kinetic_study_of_lead_Pb2_removal_from_battery_man.pdf; PDF p. 2, Adsorbent preparation"
Poonam_2018,Bagasse-BC,Sugarcane bagasse,Sugarcane bagasse,NR,Thermal pyrolysis,Pyrolysis,Not reported,Not reported,Thermal pyrolysis,None reported,None reported,300,Pb(II),Pb,II,Battery manufacturing wastewater,2.393,NR,140,12.628,NR,3.621,NR,Pseudo-second-order,NR,NR,NR,NR,NR,5,NR,NR,Pyrolysis,None reported,None reported,None reported,"Kinetic_study_of_lead_Pb2_removal_from_battery_man.pdf; PDF p. 2, Adsorbent preparation"
Poonam_2018,Bagasse-BC,Sugarcane bagasse,Sugarcane bagasse,NR,Thermal pyrolysis,Pyrolysis,Not reported,Not reported,Thermal pyrolysis,None reported,None reported,300,Pb(II),Pb,II,Battery manufacturing wastewater,2.393,5,140,12.628,NR,3.34,NR,Pseudo-second-order,NR,NR,NR,NR,NR,2,NR,NR,Pyrolysis,None reported,None reported,None reported,"Kinetic_study_of_lead_Pb2_removal_from_battery_man.pdf; PDF p. 2, Adsorbent preparation"
Poonam_2018,Bagasse-BC,Sugarcane bagasse,Sugarcane bagasse,NR,Thermal pyrolysis,Pyrolysis,Not reported,Not reported,Thermal pyrolysis,None reported,None reported,300,Pb(II),Pb,II,Battery manufacturing wastewater,2.393,5,140,12.628,NR,3.68,NR,Pseudo-second-order,NR,NR,NR,NR,NR,5,NR,NR,Pyrolysis,None reported,None reported,None reported,"Kinetic_study_of_lead_Pb2_removal_from_battery_man.pdf; PDF p. 2, Adsorbent preparation"
Poonam_2018,Bagasse-BC,Sugarcane bagasse,Sugarcane bagasse,NR,Thermal pyrolysis,Pyrolysis,Not reported,Not reported,Thermal pyrolysis,None reported,None reported,300,Pb(II),Pb,II,Battery manufacturing wastewater,2.393,5,140,12.628,NR,NR,12.741,Pseudo-second-order,Langmuir,NR,NR,NR,NR,5,NR,NR,Pyrolysis,None reported,None reported,None reported,"Kinetic_study_of_lead_Pb2_removal_from_battery_man.pdf; PDF p. 2, Adsorbent preparation"
Saffarian_2024,Biochar,Sugarcane bagasse,Sugarcane bagasse,NR,Thermal treatment + HCl wash,"Thermal treatment, unspecified",Not reported,HNO3; HCl,Thermal treatment + HCl wash,Acid treatment,HNO3; HCl,800,Cd,Cd,NR,Acid-digested drilling mud extract; Aghajari/Mishan formations,NR,NR,NR,NR,88.75,NR,NR,NR,NR,NR,NR,NR,NR,NR,NR,NR,Thermal treatment (atmosphere unclear),Unclear,Acid treatment,HNO3; HCl,"fenvs-12-1402618(1).pdf; PDF p. 4, Section 2.2.3"
Saffarian_2024,Biochar,Sugarcane bagasse,Sugarcane bagasse,NR,Thermal treatment + HCl wash,"Thermal treatment, unspecified",Not reported,HNO3; HCl,Thermal treatment + HCl wash,Acid treatment,HNO3; HCl,800,Pb,Pb,NR,Acid-digested drilling mud extract; Aghajari/Mishan formations,NR,NR,NR,NR,97.75,NR,NR,NR,NR,NR,NR,NR,NR,NR,NR,NR,Thermal treatment (atmosphere unclear),Unclear,Acid treatment,HNO3; HCl,"fenvs-12-1402618(1).pdf; PDF p. 4, Section 2.2.3"
Saffarian_2024,Crude,Sugarcane bagasse,Sugarcane bagasse,NR,Nitric-acid wash,Not reported,Not reported,HNO3,Nitric-acid wash,Acid treatment,HNO3,NA,Cd,Cd,NR,Acid-digested drilling mud extract; Aghajari/Mishan formations,NR,NR,NR,NR,76.88,NR,NR,NR,NR,NR,NR,NR,NR,NR,NR,NR,Uncarbonized biomass,None reported,Acid treatment,HNO3,"fenvs-12-1402618(1).pdf; PDF p. 4, Section 2.2.3"
Saffarian_2024,Crude,Sugarcane bagasse,Sugarcane bagasse,NR,Nitric-acid wash,Not reported,Not reported,HNO3,Nitric-acid wash,Acid treatment,HNO3,NA,Pb,Pb,NR,Acid-digested drilling mud extract; Aghajari/Mishan formations,NR,NR,NR,NR,85,NR,NR,NR,NR,NR,NR,NR,NR,NR,NR,NR,Uncarbonized biomass,None reported,Acid treatment,HNO3,"fenvs-12-1402618(1).pdf; PDF p. 4, Section 2.2.3"
Saffarian_2024,Processed,Sugarcane bagasse,Sugarcane bagasse,NR,Nitric-acid wash + NaOH/HCl treatment,Not reported,Acid treatment; alkali treatment,HNO3; NaOH; HCl,Nitric-acid wash + NaOH/HCl treatment,Acid treatment; alkali treatment,HNO3; NaOH; HCl,NA,Cd,Cd,NR,Acid-digested drilling mud extract; Aghajari/Mishan formations,NR,NR,NR,NR,83.44,NR,NR,NR,NR,NR,NR,NR,NR,NR,NR,NR,Uncarbonized biomass,None reported,Acid treatment; alkali treatment,HNO3; NaOH; HCl,"fenvs-12-1402618(1).pdf; PDF p. 4, Section 2.2.3"
Saffarian_2024,Processed,Sugarcane bagasse,Sugarcane bagasse,NR,Nitric-acid wash + NaOH/HCl treatment,Not reported,Acid treatment; alkali treatment,HNO3; NaOH; HCl,Nitric-acid wash + NaOH/HCl treatment,Acid treatment; alkali treatment,HNO3; NaOH; HCl,NA,Pb,Pb,NR,Acid-digested drilling mud extract; Aghajari/Mishan formations,NR,NR,NR,NR,90.72,NR,NR,NR,NR,NR,NR,NR,NR,NR,NR,NR,Uncarbonized biomass,None reported,Acid treatment; alkali treatment,HNO3; NaOH; HCl,"fenvs-12-1402618(1).pdf; PDF p. 4, Section 2.2.3"
Vieira_2014,RHA,Rice husk,Rice husk,NR,Calcination (rice husk ash),Calcination,Not reported,Not reported,Calcination (rice husk ash),None reported,None reported,500,Pb(II),Pb,II,Synthetic Cu/Pb nitrate solution,99.456,NR,NR,NR,33.33,11.914,NR,Quasichemical fixed-bed model,NR,NR,NR,NR,NR,4.5,NR,NR,Combustion/ash production,None reported,None reported,None reported,"download (1)(1).pdf; PDF p. 2, Materials and Methods: Adsorption"
Vieira_2014,RHA,Rice husk,Rice husk,NR,Calcination (rice husk ash),Calcination,Not reported,Not reported,Calcination (rice husk ash),None reported,None reported,500,Pb(II),Pb,II,Synthetic Cu/Pb nitrate solution,99.456,NR,NR,NR,31.33,13.17792,NR,Quasichemical fixed-bed model,NR,NR,NR,NR,NR,4.5,NR,NR,Combustion/ash production,None reported,None reported,None reported,"download (1)(1).pdf; PDF p. 2, Materials and Methods: Adsorption"
Vieira_2014,RHA,Rice husk,Rice husk,NR,Calcination (rice husk ash),Calcination,Not reported,Not reported,Calcination (rice husk ash),None reported,None reported,500,Pb(II),Pb,II,Synthetic Cu/Pb nitrate solution,99.456,NR,NR,NR,33.05,10.96088,NR,Quasichemical fixed-bed model,NR,NR,NR,NR,NR,4.5,NR,NR,Combustion/ash production,None reported,None reported,None reported,"download (1)(1).pdf; PDF p. 2, Materials and Methods: Adsorption"
Vieira_2014,RHA,Rice husk,Rice husk,NR,Calcination (rice husk ash),Calcination,Not reported,Not reported,Calcination (rice husk ash),None reported,None reported,500,Pb(II),Pb,II,Synthetic Cu/Pb nitrate solution,99.456,NR,NR,NR,23.23,11.62392,NR,Quasichemical fixed-bed model,NR,NR,NR,NR,NR,4.5,NR,NR,Combustion/ash production,None reported,None reported,None reported,"download (1)(1).pdf; PDF p. 2, Materials and Methods: Adsorption"
Vieira_2014,RHA,Rice husk,Rice husk,NR,Calcination (rice husk ash),Calcination,Not reported,Not reported,Calcination (rice husk ash),None reported,None reported,500,Pb(II),Pb,II,Synthetic Cu/Pb nitrate solution,402.5,10,1000,NR,NR,NR,12.59776,NR,Langmuir,NR,NR,NR,NR,4,NR,NR,Combustion/ash production,None reported,None reported,None reported,"download (1)(1).pdf; PDF p. 2, Materials and Methods: Adsorption"
Vieira_2014,RHA,Rice husk,Rice husk,NR,Calcination (rice husk ash),Calcination,Not reported,Not reported,Calcination (rice husk ash),None reported,None reported,500,Pb(II),Pb,II,Synthetic Cu/Pb nitrate solution,402.5,10,1000,NR,NR,NR,15.29136,NR,Langmuir,NR,NR,NR,NR,4,NR,NR,Combustion/ash production,None reported,None reported,None reported,"download (1)(1).pdf; PDF p. 2, Materials and Methods: Adsorption"
Vieira_2014,RHA,Rice husk,Rice husk,NR,Calcination (rice husk ash),Calcination,Not reported,Not reported,Calcination (rice husk ash),None reported,None reported,500,Pb(II),Pb,II,Synthetic Cu/Pb nitrate solution,402.5,10,1000,NR,NR,NR,16.94896,NR,Langmuir,NR,NR,NR,NR,4,NR,NR,Combustion/ash production,None reported,None reported,None reported,"download (1)(1).pdf; PDF p. 2, Materials and Methods: Adsorption"
Vieira_2014,RHA,Rice husk,Rice husk,NR,Calcination (rice husk ash),Calcination,Not reported,Not reported,Calcination (rice husk ash),None reported,None reported,500,Pb(II),Pb,II,Synthetic Cu/Pb nitrate solution,402.5,10,1000,NR,NR,NR,22.3776,NR,Langmuir,NR,NR,NR,NR,4,NR,NR,Combustion/ash production,None reported,None reported,None reported,"download (1)(1).pdf; PDF p. 2, Materials and Methods: Adsorption"
Vieira_2014,RHA,Rice husk,Rice husk,NR,Calcination (rice husk ash),Calcination,Not reported,Not reported,Calcination (rice husk ash),None reported,None reported,500,Pb(II),Pb,II,Synthetic Cu/Pb nitrate solution,402.5,10,1000,NR,NR,NR,12.0176,NR,Langmuir-Freundlich (Sips),NR,NR,NR,NR,4,NR,NR,Combustion/ash production,None reported,None reported,None reported,"download (1)(1).pdf; PDF p. 2, Materials and Methods: Adsorption"
Vieira_2014,RHA,Rice husk,Rice husk,NR,Calcination (rice husk ash),Calcination,Not reported,Not reported,Calcination (rice husk ash),None reported,None reported,500,Pb(II),Pb,II,Synthetic Cu/Pb nitrate solution,402.5,10,1000,NR,NR,NR,14.9184,NR,Langmuir-Freundlich (Sips),NR,NR,NR,NR,4,NR,NR,Combustion/ash production,None reported,None reported,None reported,"download (1)(1).pdf; PDF p. 2, Materials and Methods: Adsorption"
Vieira_2014,RHA,Rice husk,Rice husk,NR,Calcination (rice husk ash),Calcination,Not reported,Not reported,Calcination (rice husk ash),None reported,None reported,500,Pb(II),Pb,II,Synthetic Cu/Pb nitrate solution,402.5,10,1000,NR,NR,NR,16.9904,NR,Langmuir-Freundlich (Sips),NR,NR,NR,NR,4,NR,NR,Combustion/ash production,None reported,None reported,None reported,"download (1)(1).pdf; PDF p. 2, Materials and Methods: Adsorption"
Vieira_2014,RHA,Rice husk,Rice husk,NR,Calcination (rice husk ash),Calcination,Not reported,Not reported,Calcination (rice husk ash),None reported,None reported,500,Pb(II),Pb,II,Synthetic Cu/Pb nitrate solution,402.5,10,1000,NR,NR,NR,22.1704,NR,Langmuir-Freundlich (Sips),NR,NR,NR,NR,4,NR,NR,Combustion/ash production,None reported,None reported,None reported,"download (1)(1).pdf; PDF p. 2, Materials and Methods: Adsorption"
Zhang_2024,rBC,Rice husk,Rice husk,NR,Pyrolysis,Pyrolysis,Not reported,Not reported,Pyrolysis,None reported,None reported,600,Cd(II),Cd,II,Synthetic aqueous solution,115,NR,NR,NR,NR,NR,34.86,NR,Langmuir,NR,NR,NR,NR,NR,NR,NR,Pyrolysis,None reported,None reported,None reported,"s13717-023-00469-2.pdf; PDF p. 2, Material preparation and characterization"
Zhang_2024,rBC_Sep,Rice husk + sepiolite,Rice husk,Sepiolite,Pyrolysis + physical mixing,Pyrolysis,Mineral blending,Sepiolite,Pyrolysis + physical mixing,Mineral blending,Sepiolite,600,Cd(II),Cd,II,Synthetic aqueous solution,115,NR,NR,NR,NR,NR,52.56,NR,Langmuir,NR,NR,NR,NR,NR,NR,NR,Pyrolysis,None reported,Mineral blending,Sepiolite,"s13717-023-00469-2.pdf; PDF pp. 2-3, Material preparation and characterization; Batch adsorption experiment"
Zhang_2024,rBC,Rice husk,Rice husk,NR,Pyrolysis,Pyrolysis,Not reported,Not reported,Pyrolysis,None reported,None reported,600,Cd(II),Cd,II,Synthetic aqueous solution,100,2,NR,NR,NR,14.05,NR,Pseudo-first-order,NR,NR,NR,NR,NR,NR,NR,NR,Pyrolysis,None reported,None reported,None reported,"s13717-023-00469-2.pdf; PDF p. 2, Material preparation and characterization"
Zhang_2024,rBC,Rice husk,Rice husk,NR,Pyrolysis,Pyrolysis,Not reported,Not reported,Pyrolysis,None reported,None reported,600,Cd(II),Cd,II,Synthetic aqueous solution,100,2,NR,NR,NR,14.65,NR,Pseudo-second-order,NR,NR,NR,NR,NR,NR,NR,NR,Pyrolysis,None reported,None reported,None reported,"s13717-023-00469-2.pdf; PDF p. 2, Material preparation and characterization"
Zhang_2024,rBC,Rice husk,Rice husk,NR,Pyrolysis,Pyrolysis,Not reported,Not reported,Pyrolysis,None reported,None reported,600,Cd(II),Cd,II,Synthetic aqueous solution,115,NR,NR,NR,NR,NR,27.88,NR,Langmuir,NR,NR,NR,NR,NR,NR,NR,Pyrolysis,None reported,None reported,None reported,"s13717-023-00469-2.pdf; PDF p. 2, Material preparation and characterization"
Zhang_2024,rBC_Sep,Rice husk + sepiolite,Rice husk,Sepiolite,Pyrolysis + physical mixing,Pyrolysis,Mineral blending,Sepiolite,Pyrolysis + physical mixing,Mineral blending,Sepiolite,600,Cd(II),Cd,II,Synthetic aqueous solution,100,2,NR,NR,NR,34.17,NR,Pseudo-first-order,NR,NR,NR,NR,NR,NR,NR,NR,Pyrolysis,None reported,Mineral blending,Sepiolite,"s13717-023-00469-2.pdf; PDF pp. 2-3, Material preparation and characterization; Batch adsorption experiment"
Zhang_2024,rBC_Sep,Rice husk + sepiolite,Rice husk,Sepiolite,Pyrolysis + physical mixing,Pyrolysis,Mineral blending,Sepiolite,Pyrolysis + physical mixing,Mineral blending,Sepiolite,600,Cd(II),Cd,II,Synthetic aqueous solution,100,2,NR,NR,NR,35.92,NR,Pseudo-second-order,NR,NR,NR,NR,NR,NR,NR,NR,Pyrolysis,None reported,Mineral blending,Sepiolite,"s13717-023-00469-2.pdf; PDF pp. 2-3, Material preparation and characterization; Batch adsorption experiment"
Zhang_2024,rBC_Sep,Rice husk + sepiolite,Rice husk,Sepiolite,Pyrolysis + physical mixing,Pyrolysis,Mineral blending,Sepiolite,Pyrolysis + physical mixing,Mineral blending,Sepiolite,600,Cd(II),Cd,II,Synthetic aqueous solution,115,NR,NR,NR,NR,NR,43.53,NR,Langmuir,NR,NR,NR,NR,NR,NR,NR,Pyrolysis,None reported,Mineral blending,Sepiolite,"s13717-023-00469-2.pdf; PDF pp. 2-3, Material preparation and characterization; Batch adsorption experiment"
